acousticness,analysis_url,artist.inverted,danceability,duration_ms,energy,id,instrumentalness,key,liveness,loudness,mode,speechiness,tempo,time_signature,track,track_href,type,uri,valence
,,Destiny's Child,,,,,,,,,,,,,Independent Women Part I,,,,
0.0449,https://api.spotify.com/v1/audio-analysis/1K1eWNYfVLhbPJXmJG45Zu,Santana,0.732,260600.0,0.785,1K1eWNYfVLhbPJXmJG45Zu,0.0,7.0,0.0792,-5.391,1.0,0.0837,97.926,4.0,"Maria, Maria",https://api.spotify.com/v1/tracks/1K1eWNYfVLhbPJXmJG45Zu,audio_features,spotify:track:1K1eWNYfVLhbPJXmJG45Zu,0.641
0.819,https://api.spotify.com/v1/audio-analysis/1OdUJBSxF0sExz1BmSax6k,Savage Garden,0.425,206107.0,0.259,1OdUJBSxF0sExz1BmSax6k,0.0,9.0,0.147,-10.563,1.0,0.031,172.018,3.0,I Knew I Loved You,https://api.spotify.com/v1/tracks/1OdUJBSxF0sExz1BmSax6k,audio_features,spotify:track:1OdUJBSxF0sExz1BmSax6k,0.454
,,Madonna,,,,,,,,,,,,,Music,,,,
0.16,https://api.spotify.com/v1/audio-analysis/5PHIN7k1w1JQO1INl2qNpW,"Aguilera, Christina",0.835,221107.0,0.897,5PHIN7k1w1JQO1INl2qNpW,6.22e-05,8.0,0.356,-3.369,1.0,0.0978,118.893,4.0,Come On Over Baby (All I Want Is You),https://api.spotify.com/v1/tracks/5PHIN7k1w1JQO1INl2qNpW,audio_features,spotify:track:5PHIN7k1w1JQO1INl2qNpW,0.767
0.182,https://api.spotify.com/v1/audio-analysis/1YAiVc1z91jz2WWWkktAnh,Janet,0.726,256600.0,0.878,1YAiVc1z91jz2WWWkktAnh,0.015,5.0,0.242,-3.571,0.0,0.0472,99.361,4.0,Doesn't Really Matter,https://api.spotify.com/v1/tracks/1YAiVc1z91jz2WWWkktAnh,audio_features,spotify:track:1YAiVc1z91jz2WWWkktAnh,0.546
0.274,https://api.spotify.com/v1/audio-analysis/0Tm6EPYiVrQxRClsAHXh5t,Destiny's Child,0.522,271333.0,0.676,0Tm6EPYiVrQxRClsAHXh5t,0.0,5.0,0.134,-3.571,0.0,0.16,67.427,4.0,Say My Name,https://api.spotify.com/v1/tracks/0Tm6EPYiVrQxRClsAHXh5t,audio_features,spotify:track:0Tm6EPYiVrQxRClsAHXh5t,0.754
0.0288,https://api.spotify.com/v1/audio-analysis/3Ox13lTinrROqiKbRuN29H,"Iglesias, Enrique",0.699,219480.0,0.842,3Ox13lTinrROqiKbRuN29H,0.0011,1.0,0.0537,-6.047,0.0,0.0326,121.99,4.0,Be With You,https://api.spotify.com/v1/tracks/3Ox13lTinrROqiKbRuN29H,audio_features,spotify:track:3Ox13lTinrROqiKbRuN29H,0.55
0.432,https://api.spotify.com/v1/audio-analysis/7pc9SU5bhMVfIwxVbnumOK,Sisqo,0.652,275160.0,0.513,7pc9SU5bhMVfIwxVbnumOK,0.0,8.0,0.103,-8.06,0.0,0.11,119.315,4.0,Incomplete,https://api.spotify.com/v1/tracks/7pc9SU5bhMVfIwxVbnumOK,audio_features,spotify:track:7pc9SU5bhMVfIwxVbnumOK,0.264
0.229,https://api.spotify.com/v1/audio-analysis/3BeKtklwToVeuQrkUVJHXc,Lonestar,0.538,241253.0,0.578,3BeKtklwToVeuQrkUVJHXc,0.0,1.0,0.122,-7.251,1.0,0.0311,139.744,4.0,Amazed,https://api.spotify.com/v1/tracks/3BeKtklwToVeuQrkUVJHXc,audio_features,spotify:track:3BeKtklwToVeuQrkUVJHXc,0.243
0.0507,https://api.spotify.com/v1/audio-analysis/3wjLgJPKUcUmSH62gCbZvw,N'Sync,0.642,190533.0,0.873,3wjLgJPKUcUmSH62gCbZvw,1.27e-06,0.0,0.104,-4.917,0.0,0.0835,165.078,4.0,It's Gonna Be Me,https://api.spotify.com/v1/tracks/3wjLgJPKUcUmSH62gCbZvw,audio_features,spotify:track:3wjLgJPKUcUmSH62gCbZvw,0.92
0.0802,https://api.spotify.com/v1/audio-analysis/4r5fUnFvQGJrlpx0lSFNUc,"Aguilera, Christina",0.751,215120.0,0.819,4r5fUnFvQGJrlpx0lSFNUc,0.0,7.0,0.25,-6.791,1.0,0.0877,142.102,4.0,What A Girl Wants,https://api.spotify.com/v1/tracks/4r5fUnFvQGJrlpx0lSFNUc,audio_features,spotify:track:4r5fUnFvQGJrlpx0lSFNUc,0.815
0.00398,https://api.spotify.com/v1/audio-analysis/63DgDz9kHkcYn5ROvGgkne,Vertical Horizon,0.478,262627.0,0.486,63DgDz9kHkcYn5ROvGgkne,7.73e-06,10.0,0.091,-7.385,0.0,0.0278,140.964,4.0,Everything You Want,https://api.spotify.com/v1/tracks/63DgDz9kHkcYn5ROvGgkne,audio_features,spotify:track:63DgDz9kHkcYn5ROvGgkne,0.0675
0.00309,https://api.spotify.com/v1/audio-analysis/3jpoH0RZeI5E8J9OWyXNLV,Creed,0.427,203987.0,0.732,3jpoH0RZeI5E8J9OWyXNLV,0.0123,0.0,0.0885,-8.142,1.0,0.0467,111.26,4.0,With Arms Wide Open,https://api.spotify.com/v1/tracks/3jpoH0RZeI5E8J9OWyXNLV,audio_features,spotify:track:3jpoH0RZeI5E8J9OWyXNLV,0.492
,,Aaliyah,,,,,,,,,,,,,Try Again,,,,
0.0616,https://api.spotify.com/v1/audio-analysis/2ypwlOO0Z3NfammOQgOey3,matchbox twenty,0.528,257400.0,0.863,2ypwlOO0Z3NfammOQgOey3,7.48e-06,6.0,0.355,-5.772,0.0,0.0368,95.468,4.0,Bent,https://api.spotify.com/v1/tracks/2ypwlOO0Z3NfammOQgOey3,audio_features,spotify:track:2ypwlOO0Z3NfammOQgOey3,0.574
0.000539,https://api.spotify.com/v1/audio-analysis/07bkJW5zzk7jotyLI3B7sC,"Carey, Mariah",0.612,307893.0,0.424,07bkJW5zzk7jotyLI3B7sC,0.774,4.0,0.343,-10.659,0.0,0.0368,168.511,4.0,Thank God I Found You,https://api.spotify.com/v1/tracks/07bkJW5zzk7jotyLI3B7sC,audio_features,spotify:track:07bkJW5zzk7jotyLI3B7sC,0.423
0.127,https://api.spotify.com/v1/audio-analysis/6vgN6KGstss0GnBbKlMNK9,"Hill, Faith",0.627,186067.0,0.716,6vgN6KGstss0GnBbKlMNK9,0.0,2.0,0.0344,-7.175,1.0,0.0352,101.99,4.0,Breathe,https://api.spotify.com/v1/tracks/6vgN6KGstss0GnBbKlMNK9,audio_features,spotify:track:6vgN6KGstss0GnBbKlMNK9,0.738
,,Mya,,,,,,,,,,,,,Case Of The Ex (Whatcha Gonna Do),,,,
,,Dream,,,,,,,,,,,,,He Loves U Not,,,,
0.0186,https://api.spotify.com/v1/audio-analysis/6QgDJqh8ftfub8L2V2NHq3,"Braxton, Toni",0.654,225067.0,0.974,6QgDJqh8ftfub8L2V2NHq3,0.00211,0.0,0.305,-3.447,1.0,0.0521,132.141,4.0,He Wasn't Man Enough,https://api.spotify.com/v1/tracks/6QgDJqh8ftfub8L2V2NHq3,audio_features,spotify:track:6QgDJqh8ftfub8L2V2NHq3,0.472
0.0134,https://api.spotify.com/v1/audio-analysis/2l3PDQYfoSCgtuy8vLID0a,"Anthony, Marc",0.604,232040.0,0.813,2l3PDQYfoSCgtuy8vLID0a,0.0,10.0,0.184,-7.766,1.0,0.0284,165.943,4.0,You Sang To Me,https://api.spotify.com/v1/tracks/2l3PDQYfoSCgtuy8vLID0a,audio_features,spotify:track:2l3PDQYfoSCgtuy8vLID0a,0.849
0.0719,https://api.spotify.com/v1/audio-analysis/2RVhtV9sLwSZEhCJnBobDa,98,0.682,205867.0,0.84,2RVhtV9sLwSZEhCJnBobDa,0.0,0.0,0.0997,-3.707,1.0,0.0485,123.829,4.0,Give Me Just One Night (Una Noche),https://api.spotify.com/v1/tracks/2RVhtV9sLwSZEhCJnBobDa,audio_features,spotify:track:2RVhtV9sLwSZEhCJnBobDa,0.623
0.00515,https://api.spotify.com/v1/audio-analysis/4RLTvoObapQSV9fyjhWB29,Destiny's Child,0.761,227600.0,0.688,4RLTvoObapQSV9fyjhWB29,0.00153,1.0,0.0358,-4.503,1.0,0.0601,88.99,4.0,Jumpin' Jumpin',https://api.spotify.com/v1/tracks/4RLTvoObapQSV9fyjhWB29,audio_features,spotify:track:4RLTvoObapQSV9fyjhWB29,0.716
0.00205,https://api.spotify.com/v1/audio-analysis/3ipS3miaQ9D0IvFJBDbsvX,3 Doors Down,0.479,263080.0,0.955,3ipS3miaQ9D0IvFJBDbsvX,0.000158,11.0,0.982,-4.59,0.0,0.0704,99.013,4.0,Kryptonite,https://api.spotify.com/v1/tracks/3ipS3miaQ9D0IvFJBDbsvX,audio_features,spotify:track:3ipS3miaQ9D0IvFJBDbsvX,0.332
0.139,https://api.spotify.com/v1/audio-analysis/4gd12WUl7SdFMtuPAd8O20,Sisqo,0.653,252840.0,0.686,4gd12WUl7SdFMtuPAd8O20,0.0018,1.0,0.0778,-7.454,1.0,0.119,121.47,4.0,Thong Song,https://api.spotify.com/v1/tracks/4gd12WUl7SdFMtuPAd8O20,audio_features,spotify:track:4gd12WUl7SdFMtuPAd8O20,0.484
0.391,https://api.spotify.com/v1/audio-analysis/6zi3bRwxHkIe3lw69rHvZs,"Aguilera, Christina",0.573,275733.0,0.523,6zi3bRwxHkIe3lw69rHvZs,0.0,1.0,0.104,-6.528,1.0,0.0407,127.178,4.0,I Turn To You,https://api.spotify.com/v1/tracks/6zi3bRwxHkIe3lw69rHvZs,audio_features,spotify:track:6zi3bRwxHkIe3lw69rHvZs,0.3
0.1,https://api.spotify.com/v1/audio-analysis/3mHkW1Z90DUa2USMufaQ1i,"Houston, Whitney",0.656,270827.0,0.933,3mHkW1Z90DUa2USMufaQ1i,0.000253,0.0,0.0473,-6.104,1.0,0.0604,135.012,4.0,My Love Is Your Love,https://api.spotify.com/v1/tracks/3mHkW1Z90DUa2USMufaQ1i,audio_features,spotify:track:3mHkW1Z90DUa2USMufaQ1i,0.65
0.258,https://api.spotify.com/v1/audio-analysis/68quMdThajBGIvKvtcjvfD,Joe,0.733,283107.0,0.424,68quMdThajBGIvKvtcjvfD,7.55e-06,6.0,0.428,-8.603,1.0,0.0425,136.085,4.0,I Wanna Know,https://api.spotify.com/v1/tracks/68quMdThajBGIvKvtcjvfD,audio_features,spotify:track:68quMdThajBGIvKvtcjvfD,0.601
0.982,https://api.spotify.com/v1/audio-analysis/3bV3msLNrXNExxuCn5CG80,"Jordan, Montell",,12667.0,0.0334,3bV3msLNrXNExxuCn5CG80,0.0,10.0,0.105,-19.225,1.0,,0.0,,Get It On.. Tonite,https://api.spotify.com/v1/tracks/3bV3msLNrXNExxuCn5CG80,audio_features,spotify:track:3bV3msLNrXNExxuCn5CG80,
0.0198,https://api.spotify.com/v1/audio-analysis/0fRtUt9EEkxJBdLku8EsG6,N'Sync,0.571,199640.0,0.87,0fRtUt9EEkxJBdLku8EsG6,6.6e-06,8.0,0.0564,-3.877,0.0,0.0641,172.716,4.0,Bye Bye Bye,https://api.spotify.com/v1/tracks/0fRtUt9EEkxJBdLku8EsG6,audio_features,spotify:track:0fRtUt9EEkxJBdLku8EsG6,0.815
0.0929,https://api.spotify.com/v1/audio-analysis/2WXUcFnJPPATncUkPYC54v,Eminem,0.937,283693.0,0.627,2WXUcFnJPPATncUkPYC54v,0.0,5.0,0.0504,-6.443,0.0,0.0621,104.442,4.0,The Real Slim Shady,https://api.spotify.com/v1/tracks/2WXUcFnJPPATncUkPYC54v,audio_features,spotify:track:2WXUcFnJPPATncUkPYC54v,0.776
0.0392,https://api.spotify.com/v1/audio-analysis/6gEioWsXbaNY025YFTYaBE,Pink,0.753,298933.0,0.745,6gEioWsXbaNY025YFTYaBE,0.00321,11.0,0.0664,-5.698,0.0,0.0312,97.919,4.0,Most Girls,https://api.spotify.com/v1/tracks/6gEioWsXbaNY025YFTYaBE,audio_features,spotify:track:6gEioWsXbaNY025YFTYaBE,0.706
0.018,https://api.spotify.com/v1/audio-analysis/3ixIeEg7bTSjJiuDRVrc9i,"Mumba, Samantha",0.691,180093.0,0.696,3ixIeEg7bTSjJiuDRVrc9i,0.000347,8.0,0.0561,-7.174,1.0,0.0513,99.99,4.0,Gotta Tell You,https://api.spotify.com/v1/tracks/3ixIeEg7bTSjJiuDRVrc9i,audio_features,spotify:track:3ixIeEg7bTSjJiuDRVrc9i,0.913
0.0349,https://api.spotify.com/v1/audio-analysis/4ui7r4nqNUl4HmTiO00CVC,Blaque,0.69,225867.0,0.528,4ui7r4nqNUl4HmTiO00CVC,0.0,0.0,0.0547,-8.675,1.0,0.0288,88.032,4.0,Bring It All To Me,https://api.spotify.com/v1/tracks/4ui7r4nqNUl4HmTiO00CVC,audio_features,spotify:track:4ui7r4nqNUl4HmTiO00CVC,0.73
,,"Elliott, Missy ""Misdemeanor""",,,,,,,,,,,,,Hot Boyz,,,,
0.315,https://api.spotify.com/v1/audio-analysis/1u186jr2UAPOKFGrd0Tciz,"Gray, Macy",0.587,237267.0,0.645,1u186jr2UAPOKFGrd0Tciz,0.000304,4.0,0.0801,-7.28,0.0,0.0303,76.354,4.0,I Try,https://api.spotify.com/v1/tracks/1u186jr2UAPOKFGrd0Tciz,audio_features,spotify:track:1u186jr2UAPOKFGrd0Tciz,0.764
0.361,https://api.spotify.com/v1/audio-analysis/0TyFgQan6uMOCNuV6CUhqz,N'Sync,0.518,265347.0,0.519,0TyFgQan6uMOCNuV6CUhqz,0.0,11.0,0.0637,-8.133,0.0,0.031,165.988,4.0,This I Promise You,https://api.spotify.com/v1/tracks/0TyFgQan6uMOCNuV6CUhqz,audio_features,spotify:track:0TyFgQan6uMOCNuV6CUhqz,0.497
0.0324,https://api.spotify.com/v1/audio-analysis/2WfhlEjoUII31H6imnQdvF,Ruff Endz,0.839,242560.0,0.641,2WfhlEjoUII31H6imnQdvF,4.56e-06,10.0,0.0602,-5.669,0.0,0.0858,97.004,4.0,No More,https://api.spotify.com/v1/tracks/2WfhlEjoUII31H6imnQdvF,audio_features,spotify:track:2WfhlEjoUII31H6imnQdvF,0.922
0.273,https://api.spotify.com/v1/audio-analysis/0wdvwFpMuDkmozKTjycAyr,"Backstreet Boys, The",0.63,233507.0,0.592,0wdvwFpMuDkmozKTjycAyr,0.0,6.0,0.0809,-5.892,0.0,0.0256,167.97,4.0,Show Me The Meaning Of Being Lonely,https://api.spotify.com/v1/tracks/0wdvwFpMuDkmozKTjycAyr,audio_features,spotify:track:0wdvwFpMuDkmozKTjycAyr,0.674
0.00116,https://api.spotify.com/v1/audio-analysis/1pHMAROwUHXIIDxgNrp3cm,Nine Days,0.474,191733.0,0.937,1pHMAROwUHXIIDxgNrp3cm,0.0,7.0,0.0948,-5.529,1.0,0.0607,96.464,4.0,Absolutely (Story Of A Girl),https://api.spotify.com/v1/tracks/1pHMAROwUHXIIDxgNrp3cm,audio_features,spotify:track:1pHMAROwUHXIIDxgNrp3cm,0.735
0.13,https://api.spotify.com/v1/audio-analysis/21bmvN7RG9HmSzA9X1M74w,"Dion, Celine",0.627,242893.0,0.873,21bmvN7RG9HmSzA9X1M74w,0.0,9.0,0.132,-5.186,1.0,0.0467,93.029,4.0,That's The Way It Is,https://api.spotify.com/v1/tracks/21bmvN7RG9HmSzA9X1M74w,audio_features,spotify:track:21bmvN7RG9HmSzA9X1M74w,0.548
0.00795,https://api.spotify.com/v1/audio-analysis/7hq5tgZJLTTFsgnxXU5Np8,Blink-182,0.436,168413.0,0.695,7hq5tgZJLTTFsgnxXU5Np8,0.0,0.0,0.396,-11.805,1.0,0.0365,148.677,4.0,All The Small Things,https://api.spotify.com/v1/tracks/7hq5tgZJLTTFsgnxXU5Np8,audio_features,spotify:track:7hq5tgZJLTTFsgnxXU5Np8,0.783
0.242,https://api.spotify.com/v1/audio-analysis/5vZLlfwIMk7tbmoxu1m23t,Eiffel 65,0.795,282707.0,0.992,5vZLlfwIMk7tbmoxu1m23t,3.83e-05,7.0,0.449,-5.761,0.0,0.0563,127.992,4.0,Blue (Da Ba Dee),https://api.spotify.com/v1/tracks/5vZLlfwIMk7tbmoxu1m23t,audio_features,spotify:track:5vZLlfwIMk7tbmoxu1m23t,0.857
0.183,https://api.spotify.com/v1/audio-analysis/2pUnZcjdZNhRPh3Zlr2vFP,"Badu, Erkyah",0.649,245707.0,0.479,2pUnZcjdZNhRPh3Zlr2vFP,0.000877,5.0,0.113,-12.198,0.0,0.136,168.695,4.0,Bag Lady,https://api.spotify.com/v1/tracks/2pUnZcjdZNhRPh3Zlr2vFP,audio_features,spotify:track:2pUnZcjdZNhRPh3Zlr2vFP,0.684
,,Pink,,,,,,,,,,,,,There U Go,,,,
4.88e-05,https://api.spotify.com/v1/audio-analysis/1ZozJfi8u9cO2Ob8KwiwNT,Creed,0.454,316733.0,0.826,1ZozJfi8u9cO2Ob8KwiwNT,0.000185,2.0,0.225,-6.302,1.0,0.0352,155.84,4.0,Higher,https://api.spotify.com/v1/tracks/1ZozJfi8u9cO2Ob8KwiwNT,audio_features,spotify:track:1ZozJfi8u9cO2Ob8KwiwNT,0.458
0.0421,https://api.spotify.com/v1/audio-analysis/5F9fIqzWLfla7Rw0Ihrkiy,Nelly,0.876,32867.0,0.441,5F9fIqzWLfla7Rw0Ihrkiy,0.0,2.0,0.166,-7.996,0.0,0.221,89.914,4.0,(Hot S**t) Country Grammar,https://api.spotify.com/v1/tracks/5F9fIqzWLfla7Rw0Ihrkiy,audio_features,spotify:track:5F9fIqzWLfla7Rw0Ihrkiy,0.729
0.0765,https://api.spotify.com/v1/audio-analysis/3WViavcvupJvnPrpiI9Taf,Next,0.829,243427.0,0.705,3WViavcvupJvnPrpiI9Taf,0.0,7.0,0.0777,-7.011,0.0,0.106,99.582,4.0,Wifey,https://api.spotify.com/v1/tracks/3WViavcvupJvnPrpiI9Taf,audio_features,spotify:track:3WViavcvupJvnPrpiI9Taf,0.699
,,Kenny G,,,,,,,,,,,,,Auld Lang Syne (The Millenium Mix),,,,
0.0132,https://api.spotify.com/v1/audio-analysis/1UIM8mBuBJHaS77tta7oma,Sonique,0.573,284741.0,0.597,1UIM8mBuBJHaS77tta7oma,0.958,6.0,0.0858,-11.757,1.0,0.0434,135.036,4.0,It Feels So Good,https://api.spotify.com/v1/tracks/1UIM8mBuBJHaS77tta7oma,audio_features,spotify:track:1UIM8mBuBJHaS77tta7oma,0.213
0.341,https://api.spotify.com/v1/audio-analysis/55xE4MExOB2PXBfKBVQcGk,"Spears, Britney",0.752,210907.0,0.823,55xE4MExOB2PXBfKBVQcGk,7.73e-05,1.0,0.168,-5.577,0.0,0.0424,95.052,4.0,Oops!.. I Did It Again,https://api.spotify.com/v1/tracks/55xE4MExOB2PXBfKBVQcGk,audio_features,spotify:track:55xE4MExOB2PXBfKBVQcGk,0.875
0.253,https://api.spotify.com/v1/audio-analysis/235CN2O18gDmTm8fRdbhyB,"Backstreet Boys, The",0.574,230560.0,0.747,235CN2O18gDmTm8fRdbhyB,0.0,9.0,0.159,-5.915,1.0,0.0296,96.087,4.0,Shape Of My Heart,https://api.spotify.com/v1/tracks/235CN2O18gDmTm8fRdbhyB,audio_features,spotify:track:235CN2O18gDmTm8fRdbhyB,0.541
0.00513,https://api.spotify.com/v1/audio-analysis/5xcSi6kSAq1MfPXVuzC5gD,Everclear,0.471,281507.0,0.868,5xcSi6kSAq1MfPXVuzC5gD,7.23e-06,7.0,0.22,-4.227,1.0,0.0564,186.67,4.0,Wonderful,https://api.spotify.com/v1/tracks/5xcSi6kSAq1MfPXVuzC5gD,audio_features,spotify:track:5xcSi6kSAq1MfPXVuzC5gD,0.534
0.0277,https://api.spotify.com/v1/audio-analysis/4wEp2IgdHR6GkBMkHZxT6N,Ja Rule,0.803,250533.0,0.882,4wEp2IgdHR6GkBMkHZxT6N,0.000624,7.0,0.289,-4.634,1.0,0.0764,93.535,4.0,Between Me And You,https://api.spotify.com/v1/tracks/4wEp2IgdHR6GkBMkHZxT6N,audio_features,spotify:track:4wEp2IgdHR6GkBMkHZxT6N,0.409
0.02,https://api.spotify.com/v1/audio-analysis/7LQHBl2QcDWc6MqqTirZvW,"Rimes, LeAnn",0.478,229827.0,0.736,7LQHBl2QcDWc6MqqTirZvW,9.58e-05,7.0,0.118,-7.124,1.0,0.0367,144.705,4.0,I Need You,https://api.spotify.com/v1/tracks/7LQHBl2QcDWc6MqqTirZvW,audio_features,spotify:track:7LQHBl2QcDWc6MqqTirZvW,0.572
0.024,https://api.spotify.com/v1/audio-analysis/50MfV7a1pnOEcf2t9kobxW,Smash Mouth,0.736,182267.0,0.868,50MfV7a1pnOEcf2t9kobxW,0.0,5.0,0.0735,-4.972,0.0,0.0289,118.599,4.0,Then The Morning Comes,https://api.spotify.com/v1/tracks/50MfV7a1pnOEcf2t9kobxW,audio_features,spotify:track:50MfV7a1pnOEcf2t9kobxW,0.96
,,Jay-Z,,,,,,,,,,,,,I Just Wanna Love U (Give It 2 Me),,,,
0.0407,https://api.spotify.com/v1/audio-analysis/0wwuk0EndcqoHbljVXuqAg,Jagged Edge,0.857,267196.0,0.402,0wwuk0EndcqoHbljVXuqAg,0.479,1.0,0.0793,-11.649,1.0,0.0431,109.765,4.0,Let's Get Married,https://api.spotify.com/v1/tracks/0wwuk0EndcqoHbljVXuqAg,audio_features,spotify:track:0wwuk0EndcqoHbljVXuqAg,0.844
0.00286,https://api.spotify.com/v1/audio-analysis/1FBvw0D4N8KKjgFymczsYT,Filter,0.572,488000.0,0.89,1FBvw0D4N8KKjgFymczsYT,0.211,11.0,0.073,-6.805,0.0,0.0404,130.06,4.0,Take A Picture,https://api.spotify.com/v1/tracks/1FBvw0D4N8KKjgFymczsYT,audio_features,spotify:track:1FBvw0D4N8KKjgFymczsYT,0.204
0.000737,https://api.spotify.com/v1/audio-analysis/6N51cG68CQgURR4wys86qK,"Martin, Ricky",0.623,280600.0,0.946,6N51cG68CQgURR4wys86qK,1.22e-05,1.0,0.389,-4.676,1.0,0.0823,143.887,4.0,She Bangs,https://api.spotify.com/v1/tracks/6N51cG68CQgURR4wys86qK,audio_features,spotify:track:6N51cG68CQgURR4wys86qK,0.872
0.0027,https://api.spotify.com/v1/audio-analysis/5LZkK9FlocbSnpdR0JJWIM,Mystikal,0.855,356680.0,0.52,5LZkK9FlocbSnpdR0JJWIM,4.26e-05,7.0,0.0657,-6.542,1.0,0.0959,98.036,4.0,Shake Ya Ass,https://api.spotify.com/v1/tracks/5LZkK9FlocbSnpdR0JJWIM,audio_features,spotify:track:5LZkK9FlocbSnpdR0JJWIM,0.772
0.0869,https://api.spotify.com/v1/audio-analysis/52UGU2EzxptaYQJ6FYeObu,BBMak,0.623,217293.0,0.941,52UGU2EzxptaYQJ6FYeObu,4.47e-06,7.0,0.0892,-3.893,1.0,0.0352,104.765,4.0,Back Here,https://api.spotify.com/v1/tracks/52UGU2EzxptaYQJ6FYeObu,audio_features,spotify:track:52UGU2EzxptaYQJ6FYeObu,0.929
0.335,https://api.spotify.com/v1/audio-analysis/0FzZkbdKATBMU4fKHXah3R,"Spears, Britney",0.667,274133.0,0.602,0FzZkbdKATBMU4fKHXah3R,0.0,7.0,0.37,-6.707,1.0,0.0299,74.97,4.0,From The Bottom Of My Broken Heart,https://api.spotify.com/v1/tracks/0FzZkbdKATBMU4fKHXah3R,audio_features,spotify:track:0FzZkbdKATBMU4fKHXah3R,0.643
0.0814,https://api.spotify.com/v1/audio-analysis/3R9gMvdAxBKNZo4GPzZVtL,Third Eye Blind,0.728,237240.0,0.94,3R9gMvdAxBKNZo4GPzZVtL,0.000162,4.0,0.109,-5.034,1.0,0.0368,113.76,4.0,Never Let You Go,https://api.spotify.com/v1/tracks/3R9gMvdAxBKNZo4GPzZVtL,audio_features,spotify:track:3R9gMvdAxBKNZo4GPzZVtL,0.967
0.00316,https://api.spotify.com/v1/audio-analysis/4UI0squ9TqDm4XpQ5ChxPA,Red Hot Chili Peppers,0.459,255400.0,0.795,4UI0squ9TqDm4XpQ5ChxPA,0.000202,0.0,0.0751,-3.265,1.0,0.0575,123.23,4.0,Otherside,https://api.spotify.com/v1/tracks/4UI0squ9TqDm4XpQ5ChxPA,audio_features,spotify:track:4UI0squ9TqDm4XpQ5ChxPA,0.493
,,Profyle,,,,,,,,,,,,,Liar,,,,
0.0132,https://api.spotify.com/v1/audio-analysis/2a3Wjsj2szfQOU4LWZqH5J,Barenaked Ladies,0.699,288467.0,0.74,2a3Wjsj2szfQOU4LWZqH5J,6.92e-05,7.0,0.0551,-6.965,1.0,0.0389,95.321,4.0,Pinch Me,https://api.spotify.com/v1/tracks/2a3Wjsj2szfQOU4LWZqH5J,audio_features,spotify:track:2a3Wjsj2szfQOU4LWZqH5J,0.704
0.0564,https://api.spotify.com/v1/audio-analysis/1TnSghPkFgu5qKWVzNynGy,Jagged Edge,0.7,285430.0,0.637,1TnSghPkFgu5qKWVzNynGy,0.0,1.0,0.0948,-7.873,0.0,0.0536,126.13,4.0,He Can't Love U,https://api.spotify.com/v1/tracks/1TnSghPkFgu5qKWVzNynGy,audio_features,spotify:track:1TnSghPkFgu5qKWVzNynGy,0.533
0.00342,https://api.spotify.com/v1/audio-analysis/3ynwzl11If2NuEuyKRmrMI,504 Boyz,0.845,214560.0,0.696,3ynwzl11If2NuEuyKRmrMI,0.0,7.0,0.352,-5.598,1.0,0.282,170.075,4.0,Wobble Wobble,https://api.spotify.com/v1/tracks/3ynwzl11If2NuEuyKRmrMI,audio_features,spotify:track:3ynwzl11If2NuEuyKRmrMI,0.343
0.0723,https://api.spotify.com/v1/audio-analysis/3NePeBJRdIp6H2nengTlBZ,Sting,0.627,284640.0,0.905,3NePeBJRdIp6H2nengTlBZ,0.00317,8.0,0.121,-6.028,1.0,0.0491,127.968,4.0,Desert Rose,https://api.spotify.com/v1/tracks/3NePeBJRdIp6H2nengTlBZ,audio_features,spotify:track:3NePeBJRdIp6H2nengTlBZ,0.791
0.179,https://api.spotify.com/v1/audio-analysis/7olzfFkiHScIA0bypg4OO0,Jay-Z,0.771,156320.0,0.926,7olzfFkiHScIA0bypg4OO0,0.0011,4.0,0.477,-2.849,1.0,0.0503,138.33,4.0,Big Pimpin',https://api.spotify.com/v1/tracks/7olzfFkiHScIA0bypg4OO0,audio_features,spotify:track:7olzfFkiHScIA0bypg4OO0,0.967
0.0595,https://api.spotify.com/v1/audio-analysis/6c8K7dhzPnVZtdqsIpF4qa,Kid Rock,0.639,228995.0,0.512,6c8K7dhzPnVZtdqsIpF4qa,3.7e-06,4.0,0.126,-7.767,1.0,0.03,129.063,4.0,Only God Knows Why,https://api.spotify.com/v1/tracks/6c8K7dhzPnVZtdqsIpF4qa,audio_features,spotify:track:6c8K7dhzPnVZtdqsIpF4qa,0.467
1.92e-05,https://api.spotify.com/v1/audio-analysis/2wCYxNcQwopc6VgtK1ydWM,Foo Fighters,0.439,234800.0,0.931,2wCYxNcQwopc6VgtK1ydWM,1.21e-05,11.0,0.193,-2.59,0.0,0.0473,135.944,4.0,Learn To Fly,https://api.spotify.com/v1/tracks/2wCYxNcQwopc6VgtK1ydWM,audio_features,spotify:track:2wCYxNcQwopc6VgtK1ydWM,0.516
0.168,https://api.spotify.com/v1/audio-analysis/1aD9jTJieyGwiSw03LwQAF,"Dixie Chicks, The",0.624,247387.0,0.319,1aD9jTJieyGwiSw03LwQAF,0.852,0.0,0.277,-11.729,1.0,0.0318,121.975,4.0,Goodbye Earl,https://api.spotify.com/v1/tracks/1aD9jTJieyGwiSw03LwQAF,audio_features,spotify:track:1aD9jTJieyGwiSw03LwQAF,0.448
,,Guy,,,,,,,,,,,,,Dancin',,,,
0.381,https://api.spotify.com/v1/audio-analysis/4eEwSz9LLyrRMaapJpKMFi,Lil Bow Wow,0.846,203027.0,0.724,4eEwSz9LLyrRMaapJpKMFi,0.0,8.0,0.323,-6.114,1.0,0.137,72.007,4.0,Bounce With Me,https://api.spotify.com/v1/tracks/4eEwSz9LLyrRMaapJpKMFi,audio_features,spotify:track:4eEwSz9LLyrRMaapJpKMFi,0.938
0.333,https://api.spotify.com/v1/audio-analysis/4suhxpsuFo9CdUVyOYB6Kl,Westlife,0.57,247627.0,0.586,4suhxpsuFo9CdUVyOYB6Kl,0.0,9.0,0.12,-5.986,1.0,0.0297,130.097,4.0,Swear It Again,https://api.spotify.com/v1/tracks/4suhxpsuFo9CdUVyOYB6Kl,audio_features,spotify:track:4suhxpsuFo9CdUVyOYB6Kl,0.319
0.155,https://api.spotify.com/v1/audio-analysis/1Rkh5DU9x285M97VxRbo8a,Train,0.407,268000.0,0.919,1Rkh5DU9x285M97VxRbo8a,0.000315,0.0,0.975,-4.987,1.0,0.154,91.84,4.0,Meet Virginia,https://api.spotify.com/v1/tracks/1Rkh5DU9x285M97VxRbo8a,audio_features,spotify:track:1Rkh5DU9x285M97VxRbo8a,0.45
0.0593,https://api.spotify.com/v1/audio-analysis/3lqT89gv8p3PYwXtr3ODjv,"Thomas, Carl",0.736,226760.0,0.666,3lqT89gv8p3PYwXtr3ODjv,3.82e-05,1.0,0.107,-4.929,1.0,0.0337,89.824,4.0,I Wish,https://api.spotify.com/v1/tracks/3lqT89gv8p3PYwXtr3ODjv,audio_features,spotify:track:3lqT89gv8p3PYwXtr3ODjv,0.228
0.0966,https://api.spotify.com/v1/audio-analysis/3HxR9V5Js1R9p55g5KYQSK,Hanson,0.651,184800.0,0.976,3HxR9V5Js1R9p55g5KYQSK,9.08e-06,5.0,0.264,-4.246,1.0,0.0408,129.948,4.0,This Time Around,https://api.spotify.com/v1/tracks/3HxR9V5Js1R9p55g5KYQSK,audio_features,spotify:track:3HxR9V5Js1R9p55g5KYQSK,0.908
0.273,https://api.spotify.com/v1/audio-analysis/4zVgUr2micwI9dvbJxhTI4,"Simpson, Jessica",0.699,559200.0,0.785,4zVgUr2micwI9dvbJxhTI4,0.00356,6.0,0.0951,-7.381,0.0,0.0454,129.991,4.0,I Think I'm In Love With You,https://api.spotify.com/v1/tracks/4zVgUr2micwI9dvbJxhTI4,audio_features,spotify:track:4zVgUr2micwI9dvbJxhTI4,0.623
0.189,https://api.spotify.com/v1/audio-analysis/1chcglmdZcNcJnIrqPEiku,Ludacris,0.913,258307.0,0.794,1chcglmdZcNcJnIrqPEiku,0.0,2.0,0.0817,-4.127,1.0,0.177,140.113,4.0,What's Your Fantasy,https://api.spotify.com/v1/tracks/1chcglmdZcNcJnIrqPEiku,audio_features,spotify:track:1chcglmdZcNcJnIrqPEiku,0.964
0.0104,https://api.spotify.com/v1/audio-analysis/14HsgIJmwFG9zf6hTgIRmy,Lil' Zane,0.831,257599.0,0.652,14HsgIJmwFG9zf6hTgIRmy,0.0,8.0,0.127,-5.6,0.0,0.0542,106.983,4.0,Callin' Me,https://api.spotify.com/v1/tracks/14HsgIJmwFG9zf6hTgIRmy,audio_features,spotify:track:14HsgIJmwFG9zf6hTgIRmy,0.702
0.0141,https://api.spotify.com/v1/audio-analysis/65i1UPsUtPlEVzewEZR6sY,M2M,0.627,225200.0,0.723,65i1UPsUtPlEVzewEZR6sY,3.66e-05,1.0,0.118,-6.241,0.0,0.0341,97.555,4.0,Don't Say You Love Me,https://api.spotify.com/v1/tracks/65i1UPsUtPlEVzewEZR6sY,audio_features,spotify:track:65i1UPsUtPlEVzewEZR6sY,0.608
0.249,https://api.spotify.com/v1/audio-analysis/1vkrNCD54x9p4ZQdojjNyE,SoulDecision,0.696,208693.0,0.723,1vkrNCD54x9p4ZQdojjNyE,0.0,6.0,0.0405,-6.357,0.0,0.0419,107.979,4.0,Faded,https://api.spotify.com/v1/tracks/1vkrNCD54x9p4ZQdojjNyE,audio_features,spotify:track:1vkrNCD54x9p4ZQdojjNyE,0.942
0.00408,https://api.spotify.com/v1/audio-analysis/1PrZOkFxJqTZAH8P3x87hW,"Brock, Chad",0.674,206733.0,0.623,1PrZOkFxJqTZAH8P3x87hW,5.61e-05,2.0,0.0488,-5.97,1.0,0.0283,126.547,4.0,Yes!,https://api.spotify.com/v1/tracks/1PrZOkFxJqTZAH8P3x87hW,audio_features,spotify:track:1PrZOkFxJqTZAH8P3x87hW,0.447
0.00118,https://api.spotify.com/v1/audio-analysis/1GIuhHivSgw5wFTosh7Bz7,"Martin, Ricky",0.747,148347.0,0.851,1GIuhHivSgw5wFTosh7Bz7,1.13e-05,0.0,0.0769,-7.148,1.0,0.0515,99.99,4.0,Shake Your Bon-Bon,https://api.spotify.com/v1/tracks/1GIuhHivSgw5wFTosh7Bz7,audio_features,spotify:track:1GIuhHivSgw5wFTosh7Bz7,0.874
0.000777,https://api.spotify.com/v1/audio-analysis/5nRylzweekpD2kPoyL2blN,Vertical Horizon,0.577,225933.0,0.932,5nRylzweekpD2kPoyL2blN,0.000625,10.0,0.11,-5.184,1.0,0.0366,96.51,4.0,You're A God,https://api.spotify.com/v1/tracks/5nRylzweekpD2kPoyL2blN,audio_features,spotify:track:5nRylzweekpD2kPoyL2blN,0.547
0.00279,https://api.spotify.com/v1/audio-analysis/1QwHqZvOqqj1Rb8Icqprjj,Avant,0.616,269360.0,0.231,1QwHqZvOqqj1Rb8Icqprjj,0.753,11.0,0.119,-8.105,0.0,0.0368,63.038,4.0,Separated,https://api.spotify.com/v1/tracks/1QwHqZvOqqj1Rb8Icqprjj,audio_features,spotify:track:1QwHqZvOqqj1Rb8Icqprjj,0.369
0.00472,https://api.spotify.com/v1/audio-analysis/1CKjRbTNbSEK07ZBJRWMcD,"Rimes, LeAnn",0.498,188267.0,0.806,1CKjRbTNbSEK07ZBJRWMcD,0.0,2.0,0.127,-5.297,1.0,0.0394,151.781,4.0,Big Deal,https://api.spotify.com/v1/tracks/1CKjRbTNbSEK07ZBJRWMcD,audio_features,spotify:track:1CKjRbTNbSEK07ZBJRWMcD,0.659
0.0132,https://api.spotify.com/v1/audio-analysis/15YtixaZ1VgE3fPfXahlzD,IMx,0.594,219467.0,0.714,15YtixaZ1VgE3fPfXahlzD,0.0,6.0,0.198,-6.069,1.0,0.0555,183.265,4.0,Stay The Night,https://api.spotify.com/v1/tracks/15YtixaZ1VgE3fPfXahlzD,audio_features,spotify:track:15YtixaZ1VgE3fPfXahlzD,0.675
7.67e-06,https://api.spotify.com/v1/audio-analysis/4BmWbWeiHVAv6lMabQTn3Y,Dr. Dre,0.918,161293.0,0.91,4BmWbWeiHVAv6lMabQTn3Y,0.901,3.0,0.0885,-3.631,0.0,0.0446,95.417,4.0,The Next Episode,https://api.spotify.com/v1/tracks/4BmWbWeiHVAv6lMabQTn3Y,audio_features,spotify:track:4BmWbWeiHVAv6lMabQTn3Y,0.855
0.262,https://api.spotify.com/v1/audio-analysis/2TTYIwTM2iLC1YOyHuhRMt,"Spears, Britney",0.765,206227.0,0.791,2TTYIwTM2iLC1YOyHuhRMt,0.000154,8.0,0.0669,-5.707,1.0,0.0317,95.026,4.0,Lucky,https://api.spotify.com/v1/tracks/2TTYIwTM2iLC1YOyHuhRMt,audio_features,spotify:track:2TTYIwTM2iLC1YOyHuhRMt,0.966
0.196,https://api.spotify.com/v1/audio-analysis/0Kwz46VO4uzHx1UcBmhsHt,Savage Garden,0.58,281533.0,0.582,0Kwz46VO4uzHx1UcBmhsHt,1.99e-06,4.0,0.123,-9.529,1.0,0.0292,102.024,4.0,Crash And Burn,https://api.spotify.com/v1/tracks/0Kwz46VO4uzHx1UcBmhsHt,audio_features,spotify:track:0Kwz46VO4uzHx1UcBmhsHt,0.2
0.00106,https://api.spotify.com/v1/audio-analysis/3bgU5UM64BquViYCXiblr2,Kandi,0.744,243667.0,0.566,3bgU5UM64BquViYCXiblr2,0.856,11.0,0.0495,-9.612,1.0,0.0408,134.008,4.0,Don't Think I'm Not,https://api.spotify.com/v1/tracks/3bgU5UM64BquViYCXiblr2,audio_features,spotify:track:3bgU5UM64BquViYCXiblr2,0.41
0.0101,https://api.spotify.com/v1/audio-analysis/0IvTGWbNnCiUi9IOF7ye3F,Sammie,0.826,251040.0,0.656,0IvTGWbNnCiUi9IOF7ye3F,0.000113,9.0,0.0272,-8.529,1.0,0.0617,129.963,4.0,I Like It,https://api.spotify.com/v1/tracks/0IvTGWbNnCiUi9IOF7ye3F,audio_features,spotify:track:0IvTGWbNnCiUi9IOF7ye3F,0.845
,,Goo Goo Dolls,,,,,,,,,,,,,Broadway,,,,
0.075,https://api.spotify.com/v1/audio-analysis/0bgAhDv19PPyMsdQjtlmxl,"Moore, Mandy",0.593,224800.0,0.808,0bgAhDv19PPyMsdQjtlmxl,0.000877,7.0,0.0752,-1.464,0.0,0.107,107.976,4.0,I Wanna Be With You,https://api.spotify.com/v1/tracks/0bgAhDv19PPyMsdQjtlmxl,audio_features,spotify:track:0bgAhDv19PPyMsdQjtlmxl,0.697
0.00249,https://api.spotify.com/v1/audio-analysis/1By47qyUdbc8sKXKLuWGDH,Dr. Dre,0.814,229573.0,0.684,1By47qyUdbc8sKXKLuWGDH,0.91,3.0,0.102,-4.204,1.0,0.0427,133.913,4.0,Forgot About Dre,https://api.spotify.com/v1/tracks/1By47qyUdbc8sKXKLuWGDH,audio_features,spotify:track:1By47qyUdbc8sKXKLuWGDH,0.511
0.174,https://api.spotify.com/v1/audio-analysis/2d5Il1brvjxhpJj6ZizWXM,D'Angelo,0.833,430667.0,0.311,2d5Il1brvjxhpJj6ZizWXM,0.0295,7.0,0.0731,-10.054,1.0,0.0588,112.621,3.0,Untitled (How Does It Feel),https://api.spotify.com/v1/tracks/2d5Il1brvjxhpJj6ZizWXM,audio_features,spotify:track:2d5Il1brvjxhpJj6ZizWXM,0.233
,,"Messina, Jo Dee",,,,,,,,,,,,,That's The Way,,,,
0.00279,https://api.spotify.com/v1/audio-analysis/1QwHqZvOqqj1Rb8Icqprjj,Avant,0.616,269360.0,0.231,1QwHqZvOqqj1Rb8Icqprjj,0.753,11.0,0.119,-8.105,0.0,0.0368,63.038,4.0,My First Love,https://api.spotify.com/v1/tracks/1QwHqZvOqqj1Rb8Icqprjj,audio_features,spotify:track:1QwHqZvOqqj1Rb8Icqprjj,0.369
0.45,https://api.spotify.com/v1/audio-analysis/6RUa3ZwZYnJnNgZxtIYJR9,Son By Four,0.593,247480.0,0.939,6RUa3ZwZYnJnNgZxtIYJR9,1.33e-05,7.0,0.109,-3.431,1.0,0.0616,134.108,4.0,A Puro Dolor (Purest Of Pain),https://api.spotify.com/v1/tracks/6RUa3ZwZYnJnNgZxtIYJR9,audio_features,spotify:track:6RUa3ZwZYnJnNgZxtIYJR9,0.757
0.0182,https://api.spotify.com/v1/audio-analysis/6zaqqQ0ppxkeu2Y7glx6WU,Da Brat,0.876,237573.0,0.649,6zaqqQ0ppxkeu2Y7glx6WU,0.0,10.0,0.0569,-9.797,0.0,0.25,99.999,4.0,What'Chu Like,https://api.spotify.com/v1/tracks/6zaqqQ0ppxkeu2Y7glx6WU,audio_features,spotify:track:6zaqqQ0ppxkeu2Y7glx6WU,0.822
0.077,https://api.spotify.com/v1/audio-analysis/1xwtdH2b22czdy9XzFtEhr,DMX,0.736,297040.0,0.834,1xwtdH2b22czdy9XzFtEhr,0.0,1.0,0.407,-3.052,0.0,0.0969,100.979,4.0,Party Up (Up In Here),https://api.spotify.com/v1/tracks/1xwtdH2b22czdy9XzFtEhr,audio_features,spotify:track:1xwtdH2b22czdy9XzFtEhr,0.227
0.273,https://api.spotify.com/v1/audio-analysis/2jDV9jurtytF45sTeJmVJB,"Dixie Chicks, The",0.523,193853.0,0.256,2jDV9jurtytF45sTeJmVJB,0.845,6.0,0.108,-14.991,1.0,0.0302,82.022,4.0,Cowboy Take Me Away,https://api.spotify.com/v1/tracks/2jDV9jurtytF45sTeJmVJB,audio_features,spotify:track:2jDV9jurtytF45sTeJmVJB,0.353
0.265,https://api.spotify.com/v1/audio-analysis/6nFrsNOZD6H9f3vhCxVIuc,"McGraw, Tim",0.605,217733.0,0.804,6nFrsNOZD6H9f3vhCxVIuc,4.93e-06,5.0,0.345,-7.521,1.0,0.0363,98.866,4.0,My Next Thirty Years,https://api.spotify.com/v1/tracks/6nFrsNOZD6H9f3vhCxVIuc,audio_features,spotify:track:6nFrsNOZD6H9f3vhCxVIuc,0.626
0.676,https://api.spotify.com/v1/audio-analysis/5ilXqG2tB6m6m0WCH1y3l9,"Tritt, Travis",0.508,247373.0,0.495,5ilXqG2tB6m6m0WCH1y3l9,0.0,7.0,0.689,-7.491,1.0,0.0546,115.611,4.0,Best Of Intentions,https://api.spotify.com/v1/tracks/5ilXqG2tB6m6m0WCH1y3l9,audio_features,spotify:track:5ilXqG2tB6m6m0WCH1y3l9,0.578
0.00028,https://api.spotify.com/v1/audio-analysis/7zT5BVZpfoysvUNHULnlFH,Alice Deejay,0.775,412427.0,0.602,7zT5BVZpfoysvUNHULnlFH,0.878,8.0,0.174,-10.732,0.0,0.139,136.965,4.0,Better Off Alone,https://api.spotify.com/v1/tracks/7zT5BVZpfoysvUNHULnlFH,audio_features,spotify:track:7zT5BVZpfoysvUNHULnlFH,0.571
0.242,https://api.spotify.com/v1/audio-analysis/0RhkktMnJyR08vMnE34epK,Hoku,0.69,232067.0,0.932,0RhkktMnJyR08vMnE34epK,0.0,1.0,0.0825,-4.747,1.0,0.0841,123.9,4.0,Another Dumb Blonde,https://api.spotify.com/v1/tracks/0RhkktMnJyR08vMnE34epK,audio_features,spotify:track:0RhkktMnJyR08vMnE34epK,0.516
0.00091,https://api.spotify.com/v1/audio-analysis/3PXcjewtuF6f4ngqc61onR,"Houston, Whitney",0.67,671960.0,0.846,3PXcjewtuF6f4ngqc61onR,0.554,1.0,0.0675,-9.702,1.0,0.0315,130.412,4.0,I Learned From The Best,https://api.spotify.com/v1/tracks/3PXcjewtuF6f4ngqc61onR,audio_features,spotify:track:3PXcjewtuF6f4ngqc61onR,0.452
0.0789,https://api.spotify.com/v1/audio-analysis/38IPiLRnSr0ayrG0QMVZo7,Counting Crows,0.501,329013.0,0.913,38IPiLRnSr0ayrG0QMVZo7,1.11e-05,0.0,0.954,-4.659,1.0,0.0643,91.042,4.0,Hanginaround,https://api.spotify.com/v1/tracks/38IPiLRnSr0ayrG0QMVZo7,audio_features,spotify:track:38IPiLRnSr0ayrG0QMVZo7,0.68
0.0343,https://api.spotify.com/v1/audio-analysis/15cdWo6P2c9VorAb9prPSK,Mary Mary,0.783,196440.0,0.785,15cdWo6P2c9VorAb9prPSK,0.0,7.0,0.179,-4.031,1.0,0.163,100.455,4.0,Shackles (Praise You),https://api.spotify.com/v1/tracks/15cdWo6P2c9VorAb9prPSK,audio_features,spotify:track:15cdWo6P2c9VorAb9prPSK,0.802
0.226,https://api.spotify.com/v1/audio-analysis/064xkcB0zvahgw9ip1j8bw,"Carey, Mariah",0.584,319067.0,0.576,064xkcB0zvahgw9ip1j8bw,0.0,2.0,0.125,-5.148,0.0,0.0479,79.075,4.0,Crybaby,https://api.spotify.com/v1/tracks/064xkcB0zvahgw9ip1j8bw,audio_features,spotify:track:064xkcB0zvahgw9ip1j8bw,0.594
0.12,https://api.spotify.com/v1/audio-analysis/1zgWhnM1CxyML9EGqfoXnu,"McGraw, Tim",0.444,279867.0,0.484,1zgWhnM1CxyML9EGqfoXnu,0.0,9.0,0.135,-8.311,1.0,0.0289,147.715,4.0,My Best Friend,https://api.spotify.com/v1/tracks/1zgWhnM1CxyML9EGqfoXnu,audio_features,spotify:track:1zgWhnM1CxyML9EGqfoXnu,0.256
0.0031,https://api.spotify.com/v1/audio-analysis/46rH3Mt7obdrqWDGhfZ9YN,Sugar Ray,0.562,255160.0,0.895,46rH3Mt7obdrqWDGhfZ9YN,0.00916,4.0,0.186,-3.951,1.0,0.0326,103.466,4.0,Falls Apart,https://api.spotify.com/v1/tracks/46rH3Mt7obdrqWDGhfZ9YN,audio_features,spotify:track:46rH3Mt7obdrqWDGhfZ9YN,0.622
0.348,https://api.spotify.com/v1/audio-analysis/1vo6TY0FyLRBTXohxvflhJ,Madonna,0.631,273533.0,0.734,1vo6TY0FyLRBTXohxvflhJ,0.0,5.0,0.135,-7.48,0.0,0.036,124.036,4.0,American Pie,https://api.spotify.com/v1/tracks/1vo6TY0FyLRBTXohxvflhJ,audio_features,spotify:track:1vo6TY0FyLRBTXohxvflhJ,0.569
0.59,https://api.spotify.com/v1/audio-analysis/4ZxH5B7JMRjNbHRm47AzUy,"Jones, Donell",0.585,229747.0,0.311,4ZxH5B7JMRjNbHRm47AzUy,0.0,0.0,0.272,-11.558,0.0,0.0403,125.936,4.0,Where I Wanna Be,https://api.spotify.com/v1/tracks/4ZxH5B7JMRjNbHRm47AzUy,audio_features,spotify:track:4ZxH5B7JMRjNbHRm47AzUy,0.393
0.477,https://api.spotify.com/v1/audio-analysis/79DjV1vsU6yVoCbrQNNDdI,"Paisley, Brad",0.592,226227.0,0.39,79DjV1vsU6yVoCbrQNNDdI,0.0,9.0,0.12,-10.642,1.0,0.027,146.039,4.0,We Danced,https://api.spotify.com/v1/tracks/79DjV1vsU6yVoCbrQNNDdI,audio_features,spotify:track:79DjV1vsU6yVoCbrQNNDdI,0.142
0.137,https://api.spotify.com/v1/audio-analysis/4NUXy4jNfq9K4IsfRqWZqF,Lonestar,0.663,210000.0,0.844,4NUXy4jNfq9K4IsfRqWZqF,0.0,4.0,0.0952,-6.963,1.0,0.0358,125.912,4.0,What About Now,https://api.spotify.com/v1/tracks/4NUXy4jNfq9K4IsfRqWZqF,audio_features,spotify:track:4NUXy4jNfq9K4IsfRqWZqF,0.735
0.216,https://api.spotify.com/v1/audio-analysis/6e40mgJiCid5HRAGrbpGA6,"Backstreet Boys, The",0.689,213600.0,0.702,6e40mgJiCid5HRAGrbpGA6,0.0,6.0,0.159,-5.642,0.0,0.0261,99.031,4.0,The One,https://api.spotify.com/v1/tracks/6e40mgJiCid5HRAGrbpGA6,audio_features,spotify:track:6e40mgJiCid5HRAGrbpGA6,0.472
0.318,https://api.spotify.com/v1/audio-analysis/0HBK2cv51nRwLjhf8LUzD4,"Keith, Toby",0.622,193773.0,0.824,0HBK2cv51nRwLjhf8LUzD4,0.000281,7.0,0.347,-6.06,1.0,0.0397,119.637,4.0,How Do You Like Me Now?!,https://api.spotify.com/v1/tracks/0HBK2cv51nRwLjhf8LUzD4,audio_features,spotify:track:0HBK2cv51nRwLjhf8LUzD4,0.547
0.697,https://api.spotify.com/v1/audio-analysis/3IeLsZ6yGKHHAgZwdhkGW1,"Strait, George",0.644,198840.0,0.428,3IeLsZ6yGKHHAgZwdhkGW1,0.0,9.0,0.287,-6.653,1.0,0.0294,132.471,4.0,The Best Day,https://api.spotify.com/v1/tracks/3IeLsZ6yGKHHAgZwdhkGW1,audio_features,spotify:track:3IeLsZ6yGKHHAgZwdhkGW1,0.314
,,"Dixie Chicks, The",,,,,,,,,,,,,Without You,,,,
,,Musiq,,,,,,,,,,,,,Just Friends (Sunny),,,,
0.141,https://api.spotify.com/v1/audio-analysis/4TGBP8gFoLnn8SU6LlDRs2,"McEntire, Reba",0.464,209947.0,0.474,4TGBP8gFoLnn8SU6LlDRs2,0.0,8.0,0.091,-10.997,1.0,0.0531,171.093,4.0,What Do You Say,https://api.spotify.com/v1/tracks/4TGBP8gFoLnn8SU6LlDRs2,audio_features,spotify:track:4TGBP8gFoLnn8SU6LlDRs2,0.376
0.241,https://api.spotify.com/v1/audio-analysis/7akVuMgxlzK6O1MNxEm73T,"Braxton, Toni",0.758,289547.0,0.454,7akVuMgxlzK6O1MNxEm73T,2.18e-06,9.0,0.331,-6.894,1.0,0.083,109.396,4.0,Just Be A Man About It,https://api.spotify.com/v1/tracks/7akVuMgxlzK6O1MNxEm73T,audio_features,spotify:track:7akVuMgxlzK6O1MNxEm73T,0.589
0.194,https://api.spotify.com/v1/audio-analysis/5Jmc1ZbnhzNXEnZeZQujSg,"Iglesias, Enrique",0.654,209640.0,0.944,5Jmc1ZbnhzNXEnZeZQujSg,0.0,9.0,0.165,-3.687,0.0,0.206,101.98,4.0,Rhythm Divine,https://api.spotify.com/v1/tracks/5Jmc1ZbnhzNXEnZeZQujSg,audio_features,spotify:track:5Jmc1ZbnhzNXEnZeZQujSg,0.499
0.00653,https://api.spotify.com/v1/audio-analysis/40gUCmYp1V4ENr6gl9tcmW,"Fabian, Lara",0.627,662400.0,0.7,40gUCmYp1V4ENr6gl9tcmW,0.105,9.0,0.0662,-10.718,0.0,0.0392,135.0,4.0,I Will Love Again,https://api.spotify.com/v1/tracks/40gUCmYp1V4ENr6gl9tcmW,audio_features,spotify:track:40gUCmYp1V4ENr6gl9tcmW,0.552
0.0302,https://api.spotify.com/v1/audio-analysis/4KaHvV6CcOI9F0WDdToZdv,Bon Jovi,0.541,224600.0,0.936,4KaHvV6CcOI9F0WDdToZdv,3.03e-06,0.0,0.363,-3.038,0.0,0.0525,120.06,4.0,It's My Life,https://api.spotify.com/v1/tracks/4KaHvV6CcOI9F0WDdToZdv,audio_features,spotify:track:4KaHvV6CcOI9F0WDdToZdv,0.456
0.0503,https://api.spotify.com/v1/audio-analysis/2f9PHic4Y3JBdSxBAisIdB,"Evans, Sara",0.456,311067.0,0.683,2f9PHic4Y3JBdSxBAisIdB,0.0149,0.0,0.502,-6.522,1.0,0.035,155.743,4.0,Born To Fly,https://api.spotify.com/v1/tracks/2f9PHic4Y3JBdSxBAisIdB,audio_features,spotify:track:2f9PHic4Y3JBdSxBAisIdB,0.466
0.23,https://api.spotify.com/v1/audio-analysis/2k6ahrUpg8CbeTjLocMQJ4,"Chesney, Kenny",0.584,234160.0,0.429,2k6ahrUpg8CbeTjLocMQJ4,0.0,3.0,0.0708,-9.289,1.0,0.028,138.884,4.0,I Lost It,https://api.spotify.com/v1/tracks/2k6ahrUpg8CbeTjLocMQJ4,audio_features,spotify:track:2k6ahrUpg8CbeTjLocMQJ4,0.348
0.111,https://api.spotify.com/v1/audio-analysis/0GkrLimxhiGAGb2lhS2arM,J-Shin,0.811,274360.0,0.56,0GkrLimxhiGAGb2lhS2arM,0.0,1.0,0.137,-6.991,0.0,0.18,125.994,4.0,One Night Stand,https://api.spotify.com/v1/tracks/0GkrLimxhiGAGb2lhS2arM,audio_features,spotify:track:0GkrLimxhiGAGb2lhS2arM,0.56
0.282,https://api.spotify.com/v1/audio-analysis/4s3dsXlnVrYF4Hh6eRb12z,Eve,0.689,265173.0,0.817,4s3dsXlnVrYF4Hh6eRb12z,0.0,0.0,0.118,-4.949,1.0,0.328,176.123,4.0,Love Is Blind,https://api.spotify.com/v1/tracks/4s3dsXlnVrYF4Hh6eRb12z,audio_features,spotify:track:4s3dsXlnVrYF4Hh6eRb12z,0.651
0.537,https://api.spotify.com/v1/audio-analysis/4h7wUvVV8Ff8UL7JqAByiL,Aaliyah,0.705,255093.0,0.572,4h7wUvVV8Ff8UL7JqAByiL,0.0,9.0,0.226,-5.603,0.0,0.0349,129.999,4.0,I Don't Wanna,https://api.spotify.com/v1/tracks/4h7wUvVV8Ff8UL7JqAByiL,audio_features,spotify:track:4h7wUvVV8Ff8UL7JqAByiL,0.651
0.354,https://api.spotify.com/v1/audio-analysis/572R9OVMyWKBeg1hOMgSsW,"Montgomery, John Michael",0.658,232640.0,0.434,572R9OVMyWKBeg1hOMgSsW,1.75e-05,1.0,0.112,-8.527,1.0,0.025,83.921,4.0,The Little Girl,https://api.spotify.com/v1/tracks/572R9OVMyWKBeg1hOMgSsW,audio_features,spotify:track:572R9OVMyWKBeg1hOMgSsW,0.209
0.854,https://api.spotify.com/v1/audio-analysis/2yYV8tcbds59BVH2angQjW,"Carter, Aaron",0.633,27427.0,0.306,2yYV8tcbds59BVH2angQjW,3.74e-06,1.0,0.853,-20.225,0.0,0.51,132.351,3.0,Aaron's Party (Come Get It),https://api.spotify.com/v1/tracks/2yYV8tcbds59BVH2angQjW,audio_features,spotify:track:2yYV8tcbds59BVH2angQjW,0.828
0.0636,https://api.spotify.com/v1/audio-analysis/4Zvs6VUcXVDVUyqydNBFMY,"Vassar, Phil",0.495,223547.0,0.788,4Zvs6VUcXVDVUyqydNBFMY,0.0,2.0,0.412,-4.777,1.0,0.0397,78.827,4.0,Just Another Day In Paradise,https://api.spotify.com/v1/tracks/4Zvs6VUcXVDVUyqydNBFMY,audio_features,spotify:track:4Zvs6VUcXVDVUyqydNBFMY,0.339
0.00102,https://api.spotify.com/v1/audio-analysis/7vRa23L7FPZdx7X5RhsWVk,Ice Cube,0.943,274733.0,0.853,7vRa23L7FPZdx7X5RhsWVk,0.0,1.0,0.333,-4.358,0.0,0.186,99.877,4.0,You Can Do It,https://api.spotify.com/v1/tracks/7vRa23L7FPZdx7X5RhsWVk,audio_features,spotify:track:7vRa23L7FPZdx7X5RhsWVk,0.828
0.162,https://api.spotify.com/v1/audio-analysis/7Ka8w5nAkPYSvIYNGiHGm5,"Wills, Mark",0.58,288625.0,0.493,7Ka8w5nAkPYSvIYNGiHGm5,0.0,6.0,0.261,-9.054,1.0,0.0319,130.087,4.0,Back At One,https://api.spotify.com/v1/tracks/7Ka8w5nAkPYSvIYNGiHGm5,audio_features,spotify:track:7Ka8w5nAkPYSvIYNGiHGm5,0.186
0.0199,https://api.spotify.com/v1/audio-analysis/7qVHDMLkIepJd5Z7bjlKYf,Lucy Pearl,0.792,246047.0,0.176,7qVHDMLkIepJd5Z7bjlKYf,0.00532,10.0,0.18,-16.826,0.0,0.0868,99.089,4.0,Dance Tonight,https://api.spotify.com/v1/tracks/7qVHDMLkIepJd5Z7bjlKYf,audio_features,spotify:track:7qVHDMLkIepJd5Z7bjlKYf,0.682
0.235,https://api.spotify.com/v1/audio-analysis/6wmPyEgl1TfkP70YibMd29,"Jackson, Alan",0.816,171267.0,0.574,6wmPyEgl1TfkP70YibMd29,0.0,6.0,0.0593,-10.902,1.0,0.0305,112.108,4.0,It Must Be Love,https://api.spotify.com/v1/tracks/6wmPyEgl1TfkP70YibMd29,audio_features,spotify:track:6wmPyEgl1TfkP70YibMd29,0.966
0.0754,https://api.spotify.com/v1/audio-analysis/0bF8vEqQyvTfAMWkbP7MnY,"Griggs, Andy",0.679,199733.0,0.528,0bF8vEqQyvTfAMWkbP7MnY,0.0,7.0,0.12,-7.901,1.0,0.0267,99.035,4.0,She's More,https://api.spotify.com/v1/tracks/0bF8vEqQyvTfAMWkbP7MnY,audio_features,spotify:track:0bF8vEqQyvTfAMWkbP7MnY,0.276
0.0754,https://api.spotify.com/v1/audio-analysis/6p0jnwYfrpov7CJG5Ucyzp,No Doubt,0.577,255653.0,0.851,6p0jnwYfrpov7CJG5Ucyzp,1.76e-06,0.0,0.253,-5.162,1.0,0.0358,120.021,4.0,Simple Kind Of Life,https://api.spotify.com/v1/tracks/6p0jnwYfrpov7CJG5Ucyzp,audio_features,spotify:track:6p0jnwYfrpov7CJG5Ucyzp,0.482
0.241,https://api.spotify.com/v1/audio-analysis/3XgFrv5dIGToEGcdEPxz2V,"Jean, Wyclef",0.717,262133.0,0.698,3XgFrv5dIGToEGcdEPxz2V,3.77e-06,7.0,0.0699,-7.74,1.0,0.211,87.023,4.0,911,https://api.spotify.com/v1/tracks/3XgFrv5dIGToEGcdEPxz2V,audio_features,spotify:track:3XgFrv5dIGToEGcdEPxz2V,0.692
0.0917,https://api.spotify.com/v1/audio-analysis/6yhoaqkbl8QpIl5LJKzW0Z,Rascal Flatts,0.657,223974.0,0.569,6yhoaqkbl8QpIl5LJKzW0Z,0.306,7.0,0.283,-10.082,1.0,0.026,91.096,4.0,Prayin' For Daylight,https://api.spotify.com/v1/tracks/6yhoaqkbl8QpIl5LJKzW0Z,audio_features,spotify:track:6yhoaqkbl8QpIl5LJKzW0Z,0.673
0.00722,https://api.spotify.com/v1/audio-analysis/1SJdFjlV4VYnApWOPj6TbB,Vitamin C,0.583,340613.0,0.637,1SJdFjlV4VYnApWOPj6TbB,0.0419,0.0,0.177,-6.464,1.0,0.0459,80.004,4.0,Graduation (Friends Forever),https://api.spotify.com/v1/tracks/1SJdFjlV4VYnApWOPj6TbB,audio_features,spotify:track:1SJdFjlV4VYnApWOPj6TbB,0.308
0.619,https://api.spotify.com/v1/audio-analysis/7q1XZUK2dSFDIo9JNfHyXf,"Gilman, Billy",0.543,190867.0,0.316,7q1XZUK2dSFDIo9JNfHyXf,5.26e-05,9.0,0.228,-10.936,1.0,0.027,71.948,4.0,One Voice,https://api.spotify.com/v1/tracks/7q1XZUK2dSFDIo9JNfHyXf,audio_features,spotify:track:7q1XZUK2dSFDIo9JNfHyXf,0.226
,,Lonestar,,,,,,,,,,,,,Smile,,,,
0.555,https://api.spotify.com/v1/audio-analysis/2bz16QnSPomY5nnedorF8z,"Rogers, Kenny",0.636,226080.0,0.297,2bz16QnSPomY5nnedorF8z,1.93e-06,3.0,0.109,-13.719,1.0,0.0299,97.999,4.0,Buy Me A Rose,https://api.spotify.com/v1/tracks/2bz16QnSPomY5nnedorF8z,audio_features,spotify:track:2bz16QnSPomY5nnedorF8z,0.187
0.22,https://api.spotify.com/v1/audio-analysis/1mzrQLcTj4nSqMd8nEN37m,"Lawrence, Tracy",0.698,167267.0,0.833,1mzrQLcTj4nSqMd8nEN37m,0.0,9.0,0.14,-6.758,0.0,0.031,118.565,4.0,Lessons Learned,https://api.spotify.com/v1/tracks/1mzrQLcTj4nSqMd8nEN37m,audio_features,spotify:track:1mzrQLcTj4nSqMd8nEN37m,0.881
0.454,https://api.spotify.com/v1/audio-analysis/0xwGijsqQXxQTJqIVXCFvY,"Strait, George",0.706,201760.0,0.551,0xwGijsqQXxQTJqIVXCFvY,0.00934,8.0,0.272,-8.474,1.0,0.0241,104.513,4.0,Go On,https://api.spotify.com/v1/tracks/0xwGijsqQXxQTJqIVXCFvY,audio_features,spotify:track:0xwGijsqQXxQTJqIVXCFvY,0.473
0.132,https://api.spotify.com/v1/audio-analysis/6pqdNySeoDyzulGcGXQU3K,Sisqo,0.779,176307.0,0.782,6pqdNySeoDyzulGcGXQU3K,0.0,10.0,0.0726,-6.421,0.0,0.0693,101.895,4.0,Got To Get It,https://api.spotify.com/v1/tracks/6pqdNySeoDyzulGcGXQU3K,audio_features,spotify:track:6pqdNySeoDyzulGcGXQU3K,0.765
0.266,https://api.spotify.com/v1/audio-analysis/210iwMadEQ8E3DigJaqs48,Baha Men,0.675,227093.0,0.959,210iwMadEQ8E3DigJaqs48,1.74e-06,5.0,0.334,-2.981,0.0,0.075,131.976,4.0,Who Let The Dogs Out,https://api.spotify.com/v1/tracks/210iwMadEQ8E3DigJaqs48,audio_features,spotify:track:210iwMadEQ8E3DigJaqs48,0.782
0.25,https://api.spotify.com/v1/audio-analysis/5korBieFjZF4Yo9tiopfsg,"Walker, Clay",0.535,305067.0,0.309,5korBieFjZF4Yo9tiopfsg,5.44e-06,2.0,0.093,-14.334,1.0,0.0322,140.887,4.0,The Chain Of Love,https://api.spotify.com/v1/tracks/5korBieFjZF4Yo9tiopfsg,audio_features,spotify:track:5korBieFjZF4Yo9tiopfsg,0.311
0.016,https://api.spotify.com/v1/audio-analysis/5iCNGJRHGUC19dl0JdXZNl,"McBride, Martina",0.708,313867.0,0.572,5iCNGJRHGUC19dl0JdXZNl,0.0,9.0,0.104,-8.163,1.0,0.0265,122.843,4.0,Love's The Only House,https://api.spotify.com/v1/tracks/5iCNGJRHGUC19dl0JdXZNl,audio_features,spotify:track:5iCNGJRHGUC19dl0JdXZNl,0.578
0.785,https://api.spotify.com/v1/audio-analysis/524eAoERWZs3lOvULGlvYL,Amber,0.584,363507.0,0.366,524eAoERWZs3lOvULGlvYL,0.689,4.0,0.109,-14.816,0.0,0.0275,130.902,4.0,Sexual (Li Da Di),https://api.spotify.com/v1/tracks/524eAoERWZs3lOvULGlvYL,audio_features,spotify:track:524eAoERWZs3lOvULGlvYL,0.281
0.266,https://api.spotify.com/v1/audio-analysis/79f6S9i3A7aFV1T0dcLI1x,"Tippin, Aaron",0.66,174630.0,0.849,79f6S9i3A7aFV1T0dcLI1x,1.53e-06,6.0,0.315,-2.702,0.0,0.0287,116.008,4.0,Kiss This,https://api.spotify.com/v1/tracks/79f6S9i3A7aFV1T0dcLI1x,audio_features,spotify:track:79f6S9i3A7aFV1T0dcLI1x,0.694
0.0831,https://api.spotify.com/v1/audio-analysis/2aksOjPGpQmr2FncdnkndR,SheDaisy,0.507,268867.0,0.893,2aksOjPGpQmr2FncdnkndR,0.0,2.0,0.164,-4.729,1.0,0.126,112.054,4.0,I Will.. But,https://api.spotify.com/v1/tracks/2aksOjPGpQmr2FncdnkndR,audio_features,spotify:track:2aksOjPGpQmr2FncdnkndR,0.3
0.0988,https://api.spotify.com/v1/audio-analysis/3u25S5XdV8goD3piUSZRw6,"Raye, Collin",0.71,221960.0,0.662,3u25S5XdV8goD3piUSZRw6,0.0,4.0,0.115,-7.175,1.0,0.0227,96.738,4.0,Couldn't Last A Moment,https://api.spotify.com/v1/tracks/3u25S5XdV8goD3piUSZRw6,audio_features,spotify:track:3u25S5XdV8goD3piUSZRw6,0.694
0.0642,https://api.spotify.com/v1/audio-analysis/7CQBRApIJggTxfGXCEyEQN,Black Rob,0.72,245067.0,0.792,7CQBRApIJggTxfGXCEyEQN,0.0,7.0,0.285,-4.74,1.0,0.232,86.368,4.0,Whoa!,https://api.spotify.com/v1/tracks/7CQBRApIJggTxfGXCEyEQN,audio_features,spotify:track:7CQBRApIJggTxfGXCEyEQN,0.55
0.508,https://api.spotify.com/v1/audio-analysis/4aDH17EbwZRFplPhmzTIQP,"Jackson, Alan",0.599,194413.0,0.292,4aDH17EbwZRFplPhmzTIQP,0.0,0.0,0.127,-15.574,1.0,0.0378,129.943,4.0,Pop A Top,https://api.spotify.com/v1/tracks/4aDH17EbwZRFplPhmzTIQP,audio_features,spotify:track:4aDH17EbwZRFplPhmzTIQP,0.602
,,"Black, Clint",,,,,,,,,,,,,Been There,,,,
0.114,https://api.spotify.com/v1/audio-analysis/5fybLNY2eBRnEGg8SUW6yk,Common,0.934,243587.0,0.649,5fybLNY2eBRnEGg8SUW6yk,1.71e-06,7.0,0.0807,-6.465,1.0,0.266,97.026,4.0,The Light,https://api.spotify.com/v1/tracks/5fybLNY2eBRnEGg8SUW6yk,audio_features,spotify:track:5fybLNY2eBRnEGg8SUW6yk,0.672
0.0299,https://api.spotify.com/v1/audio-analysis/2emc7ENQUIcEpKLleFjK1V,"Vassar, Phil",0.585,224573.0,0.948,2emc7ENQUIcEpKLleFjK1V,1.19e-06,9.0,0.418,-3.713,1.0,0.159,127.923,4.0,Carlene,https://api.spotify.com/v1/tracks/2emc7ENQUIcEpKLleFjK1V,audio_features,spotify:track:2emc7ENQUIcEpKLleFjK1V,0.57
0.549,https://api.spotify.com/v1/audio-analysis/4gCnBqVQIC1z1ijXQqo1Oy,"Jackson, Alan",0.701,154533.0,0.438,4gCnBqVQIC1z1ijXQqo1Oy,0.0,5.0,0.234,-9.518,1.0,0.0261,94.077,4.0,www.memory,https://api.spotify.com/v1/tracks/4gCnBqVQIC1z1ijXQqo1Oy,audio_features,spotify:track:4gCnBqVQIC1z1ijXQqo1Oy,0.691
0.00621,https://api.spotify.com/v1/audio-analysis/21ZNz1t0iPlLVG1wfW7vc7,Vitamin C,0.694,208733.0,0.947,21ZNz1t0iPlLVG1wfW7vc7,0.0395,11.0,0.133,-3.91,0.0,0.0546,105.019,4.0,The Itch,https://api.spotify.com/v1/tracks/21ZNz1t0iPlLVG1wfW7vc7,audio_features,spotify:track:21ZNz1t0iPlLVG1wfW7vc7,0.511
0.298,https://api.spotify.com/v1/audio-analysis/5AmAztEO8oFOhOZmYc3QOq,"Eastsidaz, The",0.664,247880.0,0.595,5AmAztEO8oFOhOZmYc3QOq,0.0,9.0,0.209,-11.028,1.0,0.913,92.121,4.0,G'D Up,https://api.spotify.com/v1/tracks/5AmAztEO8oFOhOZmYc3QOq,audio_features,spotify:track:5AmAztEO8oFOhOZmYc3QOq,0.643
,,Ideal,,,,,,,,,,,,,Whatever,,,,
0.125,https://api.spotify.com/v1/audio-analysis/67M9t3PGYiwzwMR7JF5UBf,"Thomas, Carl",0.683,273011.0,0.4,67M9t3PGYiwzwMR7JF5UBf,0.0,10.0,0.0545,-8.917,0.0,0.0405,63.886,4.0,Emotional,https://api.spotify.com/v1/tracks/67M9t3PGYiwzwMR7JF5UBf,audio_features,spotify:track:67M9t3PGYiwzwMR7JF5UBf,0.514
0.11,https://api.spotify.com/v1/audio-analysis/4Gbg16zkigaQASKf7n6Y15,Ginuwine,0.844,255120.0,0.435,4Gbg16zkigaQASKf7n6Y15,3.13e-06,9.0,0.084,-8.421,0.0,0.042,99.216,4.0,None Of Ur Friends Business,https://api.spotify.com/v1/tracks/4Gbg16zkigaQASKf7n6Y15,audio_features,spotify:track:4Gbg16zkigaQASKf7n6Y15,0.603
0.419,https://api.spotify.com/v1/audio-analysis/2vmL6YN8FcqbcHQcmv0BVh,"Davidson, Clay",0.562,240960.0,0.451,2vmL6YN8FcqbcHQcmv0BVh,0.0,7.0,0.104,-7.799,1.0,0.0266,132.949,4.0,Unconditional,https://api.spotify.com/v1/tracks/2vmL6YN8FcqbcHQcmv0BVh,audio_features,spotify:track:2vmL6YN8FcqbcHQcmv0BVh,0.274
,,DMX,,,,,,,,,,,,,What You Want,,,,
0.264,https://api.spotify.com/v1/audio-analysis/1MtLyoONKfK41bQONcARsn,"John, Elton",0.569,287933.0,0.83,1MtLyoONKfK41bQONcARsn,0.0,10.0,0.0756,-6.752,1.0,0.052,159.929,4.0,Someday Out Of The Blue,https://api.spotify.com/v1/tracks/1MtLyoONKfK41bQONcARsn,audio_features,spotify:track:1MtLyoONKfK41bQONcARsn,0.431
0.0337,https://api.spotify.com/v1/audio-analysis/1tQUi41PASEzcA5pFzQO9C,Pearl Jam,0.265,342080.0,0.709,1tQUi41PASEzcA5pFzQO9C,0.000491,9.0,0.898,-5.919,1.0,0.0325,136.602,4.0,Nothing As It Seems,https://api.spotify.com/v1/tracks/1tQUi41PASEzcA5pFzQO9C,audio_features,spotify:track:1tQUi41PASEzcA5pFzQO9C,0.104
,,Mya,,,,,,,,,,,,,The Best Of Me,,,,
0.0874,https://api.spotify.com/v1/audio-analysis/3kgMG3gvIInB7t0RgqjQFH,"Heatherly, Eric",0.781,209440.0,0.647,3kgMG3gvIInB7t0RgqjQFH,3.38e-05,1.0,0.104,-8.902,1.0,0.0502,99.938,4.0,Flowers On The Wall,https://api.spotify.com/v1/tracks/3kgMG3gvIInB7t0RgqjQFH,audio_features,spotify:track:3kgMG3gvIInB7t0RgqjQFH,0.746
0.0431,https://api.spotify.com/v1/audio-analysis/7FgpbWDh8wAhgmtZGnyxSz,Eminem,0.784,403360.0,0.734,7FgpbWDh8wAhgmtZGnyxSz,9.29e-06,8.0,0.508,-4.683,0.0,0.201,80.049,4.0,Stan,https://api.spotify.com/v1/tracks/7FgpbWDh8wAhgmtZGnyxSz,audio_features,spotify:track:7FgpbWDh8wAhgmtZGnyxSz,0.518
,,"McEntire, Reba",,,,,,,,,,,,,I'll Be,,,,
0.0551,https://api.spotify.com/v1/audio-analysis/7gAdPVwOghE8yHBYSSkRpK,"Lopez, Jennifer",0.874,266307.0,0.69,7gAdPVwOghE8yHBYSSkRpK,1.31e-05,8.0,0.239,-5.257,1.0,0.0383,108.206,4.0,Feelin' Good,https://api.spotify.com/v1/tracks/7gAdPVwOghE8yHBYSSkRpK,audio_features,spotify:track:7gAdPVwOghE8yHBYSSkRpK,0.721
0.272,https://api.spotify.com/v1/audio-analysis/1xJ4bCEkzAyf1WUZ99yoKU,"Urban, Keith",0.549,251813.0,0.56,1xJ4bCEkzAyf1WUZ99yoKU,0.0,9.0,0.0509,-5.681,1.0,0.0284,139.603,4.0,Your Everything,https://api.spotify.com/v1/tracks/1xJ4bCEkzAyf1WUZ99yoKU,audio_features,spotify:track:1xJ4bCEkzAyf1WUZ99yoKU,0.536
0.0388,https://api.spotify.com/v1/audio-analysis/3U5pfVV3TCkGgIeih66u0Q,TLC,0.558,310733.0,0.449,3U5pfVV3TCkGgIeih66u0Q,0.0,0.0,0.202,-8.715,1.0,0.0296,173.831,4.0,Dear Lie,https://api.spotify.com/v1/tracks/3U5pfVV3TCkGgIeih66u0Q,audio_features,spotify:track:3U5pfVV3TCkGgIeih66u0Q,0.277
0.163,https://api.spotify.com/v1/audio-analysis/1EQgqnJEn1T4zVAO2MTN2p,"Gill, Vince",0.568,255773.0,0.827,1EQgqnJEn1T4zVAO2MTN2p,6.32e-05,10.0,0.23,-7.772,1.0,0.0312,99.978,4.0,Feels Like Love,https://api.spotify.com/v1/tracks/1EQgqnJEn1T4zVAO2MTN2p,audio_features,spotify:track:1EQgqnJEn1T4zVAO2MTN2p,0.639
0.00681,https://api.spotify.com/v1/audio-analysis/3BCqG9GBF7GjJQHwJvlqSv,"Houston, Whitney",0.476,235627.0,0.836,3BCqG9GBF7GjJQHwJvlqSv,7.55e-06,10.0,0.106,-6.964,0.0,0.0541,93.814,4.0,Could I Have This Kiss Forever,https://api.spotify.com/v1/tracks/3BCqG9GBF7GjJQHwJvlqSv,audio_features,spotify:track:3BCqG9GBF7GjJQHwJvlqSv,0.476
0.000257,https://api.spotify.com/v1/audio-analysis/3DnWfF25HCmtYhk1y4vgA7,Bloodhound Gang,0.59,226547.0,0.844,3DnWfF25HCmtYhk1y4vgA7,0.206,0.0,0.126,-5.122,0.0,0.0796,123.25,4.0,The Bad Touch,https://api.spotify.com/v1/tracks/3DnWfF25HCmtYhk1y4vgA7,audio_features,spotify:track:3DnWfF25HCmtYhk1y4vgA7,0.811
0.163,https://api.spotify.com/v1/audio-analysis/7CKbqqrs0AS1si1ZgaQdcj,"Williams, Robbie",0.431,265333.0,0.59,7CKbqqrs0AS1si1ZgaQdcj,1.11e-05,4.0,0.0981,-6.362,1.0,0.0284,150.193,4.0,Angels,https://api.spotify.com/v1/tracks/7CKbqqrs0AS1si1ZgaQdcj,audio_features,spotify:track:7CKbqqrs0AS1si1ZgaQdcj,0.225
0.569,https://api.spotify.com/v1/audio-analysis/0unEvrgzJs3F3wumsz23MQ,"Messina, Jo Dee",0.418,231280.0,0.351,0unEvrgzJs3F3wumsz23MQ,0.0,9.0,0.103,-9.407,1.0,0.0293,145.379,4.0,Because You Love Me,https://api.spotify.com/v1/tracks/0unEvrgzJs3F3wumsz23MQ,audio_features,spotify:track:0unEvrgzJs3F3wumsz23MQ,0.145
0.248,https://api.spotify.com/v1/audio-analysis/7nW2vquVZGj6dV1332Kpk9,"Keith, Toby",0.707,219667.0,0.869,7nW2vquVZGj6dV1332Kpk9,0.0,9.0,0.0543,-6.318,1.0,0.0347,123.89,4.0,Country Comes To Town,https://api.spotify.com/v1/tracks/7nW2vquVZGj6dV1332Kpk9,audio_features,spotify:track:7nW2vquVZGj6dV1332Kpk9,0.735
0.0254,https://api.spotify.com/v1/audio-analysis/6Ea38fnOw0lLHcC01EqaND,Beenie Man,0.603,233467.0,0.629,6Ea38fnOw0lLHcC01EqaND,0.0,7.0,0.118,-6.428,1.0,0.208,121.593,5.0,Girls Dem Sugar,https://api.spotify.com/v1/tracks/6Ea38fnOw0lLHcC01EqaND,audio_features,spotify:track:6Ea38fnOw0lLHcC01EqaND,0.529
,,"Hill, Faith",,,,,,,,,,,,,Let's Make Love,,,,
0.109,https://api.spotify.com/v1/audio-analysis/2tfSN98YDNxgs5waSuXKxQ,Kelis,0.614,235613.0,0.781,2tfSN98YDNxgs5waSuXKxQ,2.05e-05,5.0,0.602,-7.111,0.0,0.118,94.934,4.0,Caught Out There,https://api.spotify.com/v1/tracks/2tfSN98YDNxgs5waSuXKxQ,audio_features,spotify:track:2tfSN98YDNxgs5waSuXKxQ,0.634
,,Jay-Z,,,,,,,,,,,,,Anything,,,,
0.00641,https://api.spotify.com/v1/audio-analysis/1jSC0PrSdgmCBLthZdu6mh,3 Doors Down,0.405,274827.0,0.924,1jSC0PrSdgmCBLthZdu6mh,0.0,6.0,0.114,-4.865,0.0,0.0516,147.934,4.0,Loser,https://api.spotify.com/v1/tracks/1jSC0PrSdgmCBLthZdu6mh,audio_features,spotify:track:1jSC0PrSdgmCBLthZdu6mh,0.385
0.2,https://api.spotify.com/v1/audio-analysis/24EdfZiSPNwCiw2WJLdwEU,Brooks & Dunn,0.672,181840.0,0.658,24EdfZiSPNwCiw2WJLdwEU,2.49e-05,2.0,0.294,-6.563,1.0,0.0258,103.12,4.0,You'll Always Be Loved By Me,https://api.spotify.com/v1/tracks/24EdfZiSPNwCiw2WJLdwEU,audio_features,spotify:track:24EdfZiSPNwCiw2WJLdwEU,0.555
0.0109,https://api.spotify.com/v1/audio-analysis/2iMobx4fVPJ1BF9cCBIXZy,"Chesney, Kenny",0.463,279840.0,0.704,2iMobx4fVPJ1BF9cCBIXZy,0.00191,8.0,0.963,-6.95,1.0,0.0342,153.814,4.0,What I Need To Do,https://api.spotify.com/v1/tracks/2iMobx4fVPJ1BF9cCBIXZy,audio_features,spotify:track:2iMobx4fVPJ1BF9cCBIXZy,0.265
0.186,https://api.spotify.com/v1/audio-analysis/2DHSRI6zfg0n3B0TllKHw1,"Stone, Angie",0.797,257439.0,0.527,2DHSRI6zfg0n3B0TllKHw1,1.54e-05,1.0,0.305,-9.413,0.0,0.374,87.969,4.0,No More Rain (In This Cloud),https://api.spotify.com/v1/tracks/2DHSRI6zfg0n3B0TllKHw1,audio_features,spotify:track:2DHSRI6zfg0n3B0TllKHw1,0.714
0.368,https://api.spotify.com/v1/audio-analysis/5ozHGSjwDK0irBrKipQCMe,Da Brat,0.892,243000.0,0.808,5ozHGSjwDK0irBrKipQCMe,0.0,5.0,0.279,-5.042,0.0,0.177,129.978,4.0,That's What I'm Looking For,https://api.spotify.com/v1/tracks/5ozHGSjwDK0irBrKipQCMe,audio_features,spotify:track:5ozHGSjwDK0irBrKipQCMe,0.922
0.073,https://api.spotify.com/v1/audio-analysis/5dhX15g68qrchj0k6aSkOf,SheDaisy,0.195,198813.0,0.524,5dhX15g68qrchj0k6aSkOf,0.0,7.0,0.214,-4.9,1.0,0.033,92.897,3.0,This Woman Needs,https://api.spotify.com/v1/tracks/5dhX15g68qrchj0k6aSkOf,audio_features,spotify:track:5dhX15g68qrchj0k6aSkOf,0.136
0.000348,https://api.spotify.com/v1/audio-analysis/38QerN9zQ9vpQtR5PTCy7e,Papa Roach,0.562,199253.0,0.894,38QerN9zQ9vpQtR5PTCy7e,0.000193,4.0,0.244,-3.028,0.0,0.0664,90.529,4.0,Last Resort,https://api.spotify.com/v1/tracks/38QerN9zQ9vpQtR5PTCy7e,audio_features,spotify:track:38QerN9zQ9vpQtR5PTCy7e,0.621
0.366,https://api.spotify.com/v1/audio-analysis/6LWFmcD0xiHZb8N4nIRnB4,"Adams, Yolanda",0.552,282613.0,0.541,6LWFmcD0xiHZb8N4nIRnB4,0.0,1.0,0.358,-6.933,1.0,0.0346,111.961,4.0,Open My Heart,https://api.spotify.com/v1/tracks/6LWFmcD0xiHZb8N4nIRnB4,audio_features,spotify:track:6LWFmcD0xiHZb8N4nIRnB4,0.198
0.0249,https://api.spotify.com/v1/audio-analysis/1wONW06zXsF5bz4XTMWPM4,Shyne,0.788,228907.0,0.594,1wONW06zXsF5bz4XTMWPM4,1.65e-05,6.0,0.0534,-4.864,0.0,0.336,83.84,4.0,Bad Boyz,https://api.spotify.com/v1/tracks/1wONW06zXsF5bz4XTMWPM4,audio_features,spotify:track:1wONW06zXsF5bz4XTMWPM4,0.694
0.0846,https://api.spotify.com/v1/audio-analysis/0yYCoU54bbuXFDLmzoPCni,R.E.M.,0.368,253693.0,0.636,0yYCoU54bbuXFDLmzoPCni,1.5e-06,8.0,0.237,-8.444,1.0,0.0288,109.764,4.0,The Great Beyond,https://api.spotify.com/v1/tracks/0yYCoU54bbuXFDLmzoPCni,audio_features,spotify:track:0yYCoU54bbuXFDLmzoPCni,0.144
0.442,https://api.spotify.com/v1/audio-analysis/2xRaWFAiWzdLA7LbUBsLH1,"Diffie, Joe",0.509,177467.0,0.75,2xRaWFAiWzdLA7LbUBsLH1,0.0,9.0,0.216,-6.271,1.0,0.0296,89.861,4.0,It's Always Somethin',https://api.spotify.com/v1/tracks/2xRaWFAiWzdLA7LbUBsLH1,audio_features,spotify:track:2xRaWFAiWzdLA7LbUBsLH1,0.789
0.347,https://api.spotify.com/v1/audio-analysis/2cZGFVhPogaxV2eYm1V7KS,"McGraw, Tim",0.575,236600.0,0.496,2cZGFVhPogaxV2eYm1V7KS,0.0,4.0,0.124,-10.068,1.0,0.026,89.958,4.0,Some Things Never Change,https://api.spotify.com/v1/tracks/2cZGFVhPogaxV2eYm1V7KS,audio_features,spotify:track:2cZGFVhPogaxV2eYm1V7KS,0.413
0.413,https://api.spotify.com/v1/audio-analysis/4UkTyNLKOre2Eb9So4i7na,"Henley, Don",0.562,331600.0,0.511,4UkTyNLKOre2Eb9So4i7na,1.11e-05,4.0,0.12,-7.052,0.0,0.0265,72.366,4.0,Taking You Home,https://api.spotify.com/v1/tracks/4UkTyNLKOre2Eb9So4i7na,audio_features,spotify:track:4UkTyNLKOre2Eb9So4i7na,0.134
0.131,https://api.spotify.com/v1/audio-analysis/1tCpRVBjOJQ43dKMTdkoi0,Eminem,0.821,290880.0,0.842,1tCpRVBjOJQ43dKMTdkoi0,0.0,4.0,0.33,-3.876,0.0,0.265,87.317,4.0,The Way I Am,https://api.spotify.com/v1/tracks/1tCpRVBjOJQ43dKMTdkoi0,audio_features,spotify:track:1tCpRVBjOJQ43dKMTdkoi0,0.326
0.169,https://api.spotify.com/v1/audio-analysis/3lQN0D1P9nsDzMm7VDnHio,Nas,0.865,287893.0,0.621,3lQN0D1P9nsDzMm7VDnHio,0.0,1.0,0.105,-9.564,1.0,0.219,110.032,4.0,You Owe Me,https://api.spotify.com/v1/tracks/3lQN0D1P9nsDzMm7VDnHio,audio_features,spotify:track:3lQN0D1P9nsDzMm7VDnHio,0.678
0.253,https://api.spotify.com/v1/audio-analysis/3WbhPkOTYqVm9dz2dH31kB,Sister Hazel,0.606,287107.0,0.729,3WbhPkOTYqVm9dz2dH31kB,0.0,11.0,0.959,-7.281,1.0,0.0334,93.781,4.0,Change Your Mind,https://api.spotify.com/v1/tracks/3WbhPkOTYqVm9dz2dH31kB,audio_features,spotify:track:3WbhPkOTYqVm9dz2dH31kB,0.832
,,Puff Daddy,,,,,,,,,,,,,Best Friend,,,,
0.631,https://api.spotify.com/v1/audio-analysis/2wfAy6IqwvpsuXXjPRso30,"McBride, Martina",0.482,206573.0,0.348,2wfAy6IqwvpsuXXjPRso30,0.0,7.0,0.13,-9.876,1.0,0.0313,73.001,4.0,There You Are,https://api.spotify.com/v1/tracks/2wfAy6IqwvpsuXXjPRso30,audio_features,spotify:track:2wfAy6IqwvpsuXXjPRso30,0.152
,,Usher,,,,,,,,,,,,,Pop Ya Collar,,,,
0.0262,https://api.spotify.com/v1/audio-analysis/5rHHyC7cm4SthzF1WURyM2,Lil' Kim,0.743,251200.0,0.774,5rHHyC7cm4SthzF1WURyM2,0.0,1.0,0.137,-7.697,1.0,0.325,106.082,4.0,No Matter What They Say,https://api.spotify.com/v1/tracks/5rHHyC7cm4SthzF1WURyM2,audio_features,spotify:track:5rHHyC7cm4SthzF1WURyM2,0.663
0.309,https://api.spotify.com/v1/audio-analysis/16TZZy0lkwb5CoygaBzUbi,LFO,0.612,245360.0,0.758,16TZZy0lkwb5CoygaBzUbi,0.0,0.0,0.0949,-4.123,1.0,0.0314,128.015,4.0,I Don't Wanna Kiss You Goodnight,https://api.spotify.com/v1/tracks/16TZZy0lkwb5CoygaBzUbi,audio_features,spotify:track:16TZZy0lkwb5CoygaBzUbi,0.607
,,SheDaisy,,,,,,,,,,,,,Deck The Halls,,,,
0.0196,https://api.spotify.com/v1/audio-analysis/7EYWVZwt5x3N9lAUBLFwr2,Splender,0.411,235893.0,0.802,7EYWVZwt5x3N9lAUBLFwr2,0.0,9.0,0.384,-6.004,1.0,0.0351,139.255,4.0,I Think God Can Explain,https://api.spotify.com/v1/tracks/7EYWVZwt5x3N9lAUBLFwr2,audio_features,spotify:track:7EYWVZwt5x3N9lAUBLFwr2,0.533
,,"Simpson, Jessica",,,,,,,,,,,,,Where You Are,,,,
,,M2M,,,,,,,,,,,,,Mirror Mirror,,,,
0.00672,https://api.spotify.com/v1/audio-analysis/3pD6HSeN4Ltc3z6e8kw5Wg,Kumbia Kings,0.666,275187.0,0.923,3pD6HSeN4Ltc3z6e8kw5Wg,0.000196,11.0,0.0877,-4.997,1.0,0.0533,140.002,4.0,U Don't Love Me,https://api.spotify.com/v1/tracks/3pD6HSeN4Ltc3z6e8kw5Wg,audio_features,spotify:track:3pD6HSeN4Ltc3z6e8kw5Wg,0.755
0.0581,https://api.spotify.com/v1/audio-analysis/2dw34jPD8ihGrP6z1LE6eQ,Joe,0.75,257773.0,0.463,2dw34jPD8ihGrP6z1LE6eQ,0.0,5.0,0.0889,-6.99,0.0,0.0415,126.072,4.0,Treat Her Like A Lady,https://api.spotify.com/v1/tracks/2dw34jPD8ihGrP6z1LE6eQ,audio_features,spotify:track:2dw34jPD8ihGrP6z1LE6eQ,0.578
0.0341,https://api.spotify.com/v1/audio-analysis/5hXIG7ldYtrTPV7Unonr8N,"Blige, Mary J.",0.762,326000.0,0.566,5hXIG7ldYtrTPV7Unonr8N,2.73e-06,0.0,0.0779,-6.749,1.0,0.0385,129.28,4.0,Deep Inside,https://api.spotify.com/v1/tracks/5hXIG7ldYtrTPV7Unonr8N,audio_features,spotify:track:5hXIG7ldYtrTPV7Unonr8N,0.661
0.239,https://api.spotify.com/v1/audio-analysis/6NwKYeHDcfEAKVYsUZy4Dx,"Price, Kelly",0.673,194773.0,0.472,6NwKYeHDcfEAKVYsUZy4Dx,0.0,1.0,0.0637,-5.844,1.0,0.0601,60.027,4.0,You Should've Told Me,https://api.spotify.com/v1/tracks/6NwKYeHDcfEAKVYsUZy4Dx,audio_features,spotify:track:6NwKYeHDcfEAKVYsUZy4Dx,0.56
0.15,https://api.spotify.com/v1/audio-analysis/353iyS35MlUpwAT5RCWGu4,Changing Faces,0.677,280200.0,0.481,353iyS35MlUpwAT5RCWGu4,0.0,7.0,0.0747,-5.613,0.0,0.0522,134.01,4.0,That Other Woman,https://api.spotify.com/v1/tracks/353iyS35MlUpwAT5RCWGu4,audio_features,spotify:track:353iyS35MlUpwAT5RCWGu4,0.238
,,"Wright, Chely",,,,,,,,,,,,,It Was,,,,
0.0406,https://api.spotify.com/v1/audio-analysis/3nsxMrnYlfBNotHRevTRgM,Limp Bizkit,0.63,382827.0,0.884,3nsxMrnYlfBNotHRevTRgM,0.0,7.0,0.0962,-4.894,1.0,0.264,89.905,4.0,Rollin',https://api.spotify.com/v1/tracks/3nsxMrnYlfBNotHRevTRgM,audio_features,spotify:track:3nsxMrnYlfBNotHRevTRgM,0.448
,,Hot Boys,,,,,,,,,,,,,I Need A Hot Girl,,,,
,,Jay-Z,,,,,,,,,,,,,Do It Again (Put Ya Hands Up),,,,
,,"Adkins, Trace",,,,,,,,,,,,,More,,,,
0.136,https://api.spotify.com/v1/audio-analysis/11zoEP7X8i4S53lYKGHwPA,"Dixie Chicks, The",0.615,181547.0,0.193,11zoEP7X8i4S53lYKGHwPA,0.66,7.0,0.0979,-14.669,1.0,0.0343,130.083,4.0,Cold Day In July,https://api.spotify.com/v1/tracks/11zoEP7X8i4S53lYKGHwPA,audio_features,spotify:track:11zoEP7X8i4S53lYKGHwPA,0.187
0.454,https://api.spotify.com/v1/audio-analysis/5FX8KqBY74jLl0BBTSNl2N,"Price, Kelly",0.568,380333.0,0.378,5FX8KqBY74jLl0BBTSNl2N,0.0,8.0,0.142,-7.605,1.0,0.0323,123.852,4.0,As We Lay,https://api.spotify.com/v1/tracks/5FX8KqBY74jLl0BBTSNl2N,audio_features,spotify:track:5FX8KqBY74jLl0BBTSNl2N,0.158
0.027,https://api.spotify.com/v1/audio-analysis/3HkIODwqfqQNoBt8OVSsNL,DMX,0.628,229067.0,0.976,3HkIODwqfqQNoBt8OVSsNL,4.05e-05,7.0,0.0675,-3.602,1.0,0.382,188.287,5.0,What's My Name,https://api.spotify.com/v1/tracks/3HkIODwqfqQNoBt8OVSsNL,audio_features,spotify:track:3HkIODwqfqQNoBt8OVSsNL,0.431
0.0928,https://api.spotify.com/v1/audio-analysis/2LBEYqGmvlerVMLIjk0FnS,"Martin, Ricky",0.503,241333.0,0.77,2LBEYqGmvlerVMLIjk0FnS,0.0,1.0,0.0978,-5.769,1.0,0.0342,146.497,4.0,Private Emotion,https://api.spotify.com/v1/tracks/2LBEYqGmvlerVMLIjk0FnS,audio_features,spotify:track:2LBEYqGmvlerVMLIjk0FnS,0.568
0.00788,https://api.spotify.com/v1/audio-analysis/7qdsWzqgZ2uaibWhNsUOwr,Nine Days,0.23,238093.0,0.928,7qdsWzqgZ2uaibWhNsUOwr,0.0,11.0,0.396,-4.027,1.0,0.0457,97.863,4.0,If I Am,https://api.spotify.com/v1/tracks/7qdsWzqgZ2uaibWhNsUOwr,audio_features,spotify:track:7qdsWzqgZ2uaibWhNsUOwr,0.706
0.0332,https://api.spotify.com/v1/audio-analysis/2rOrfNp466dn28CP01eVCa,"Blige, Mary J.",0.647,305160.0,0.414,2rOrfNp466dn28CP01eVCa,2.01e-05,9.0,0.278,-7.961,1.0,0.0499,110.017,4.0,Give Me You,https://api.spotify.com/v1/tracks/2rOrfNp466dn28CP01eVCa,audio_features,spotify:track:2rOrfNp466dn28CP01eVCa,0.0473
0.0021,https://api.spotify.com/v1/audio-analysis/0fizxCEBkB1HnvMbibyPUP,Red Hot Chili Peppers,0.592,329733.0,0.767,0fizxCEBkB1HnvMbibyPUP,0.00165,9.0,0.127,-2.788,0.0,0.027,96.483,4.0,Californication,https://api.spotify.com/v1/tracks/0fizxCEBkB1HnvMbibyPUP,audio_features,spotify:track:0fizxCEBkB1HnvMbibyPUP,0.317
0.00585,https://api.spotify.com/v1/audio-analysis/2bm2StzCxZeRzkT1yJHGnl,Third Eye Blind,0.502,250533.0,0.591,2bm2StzCxZeRzkT1yJHGnl,1.9e-05,7.0,0.0725,-4.522,1.0,0.0242,81.782,4.0,Deep Inside Of You,https://api.spotify.com/v1/tracks/2bm2StzCxZeRzkT1yJHGnl,audio_features,spotify:track:2bm2StzCxZeRzkT1yJHGnl,0.158
,,"Brooks, Garth",,,,,,,,,,,,,Do What You Gotta Do,,,,
0.000678,https://api.spotify.com/v1/audio-analysis/6N2LiwkNlK2rb4ohTxcSmz,"Offspring, The",0.662,220893.0,0.881,6N2LiwkNlK2rb4ohTxcSmz,1.66e-05,2.0,0.212,-4.201,1.0,0.0339,146.808,4.0,Original Prankster,https://api.spotify.com/v1/tracks/6N2LiwkNlK2rb4ohTxcSmz,audio_features,spotify:track:6N2LiwkNlK2rb4ohTxcSmz,0.96
0.688,https://api.spotify.com/v1/audio-analysis/124qDsjeZZkujOuer8gG45,"Anthony, Marc",0.443,236960.0,0.596,124qDsjeZZkujOuer8gG45,0.0,0.0,0.167,-5.366,0.0,0.0294,115.597,4.0,My Baby You,https://api.spotify.com/v1/tracks/124qDsjeZZkujOuer8gG45,audio_features,spotify:track:124qDsjeZZkujOuer8gG45,0.177
9.16e-05,https://api.spotify.com/v1/audio-analysis/2y9fK1Aqir9jKtttRUcEsB,"Houston, Whitney",0.539,668333.0,0.946,2y9fK1Aqir9jKtttRUcEsB,0.783,1.0,0.174,-9.69,1.0,0.0416,135.004,4.0,"Same Script, Different Cast",https://api.spotify.com/v1/tracks/2y9fK1Aqir9jKtttRUcEsB,audio_features,spotify:track:2y9fK1Aqir9jKtttRUcEsB,0.397
0.245,https://api.spotify.com/v1/audio-analysis/2RzVljfmcPfchnlRlUxC21,D'Angelo,0.842,338600.0,0.4,2RzVljfmcPfchnlRlUxC21,0.0,1.0,0.52,-9.713,1.0,0.612,92.382,4.0,Left & Right,https://api.spotify.com/v1/tracks/2RzVljfmcPfchnlRlUxC21,audio_features,spotify:track:2RzVljfmcPfchnlRlUxC21,0.783
0.000652,https://api.spotify.com/v1/audio-analysis/21DyCPJqQ8tzFCHJYX9Koz,"Kravitz, Lenny",0.691,257067.0,0.684,21DyCPJqQ8tzFCHJYX9Koz,0.00457,7.0,0.106,-7.466,0.0,0.0494,87.309,4.0,I Belong To You,https://api.spotify.com/v1/tracks/21DyCPJqQ8tzFCHJYX9Koz,audio_features,spotify:track:21DyCPJqQ8tzFCHJYX9Koz,0.659
0.182,https://api.spotify.com/v1/audio-analysis/71JdxVBpSlqJFKh929iDVn,"Loveless, Patty",0.698,212200.0,0.628,71JdxVBpSlqJFKh929iDVn,0.0,11.0,0.0736,-6.359,1.0,0.0336,126.394,4.0,That's The Kind Of Mood I'm In,https://api.spotify.com/v1/tracks/71JdxVBpSlqJFKh929iDVn,audio_features,spotify:track:71JdxVBpSlqJFKh929iDVn,0.654
0.0166,https://api.spotify.com/v1/audio-analysis/5CHE7mYgYscl6XsveE2rRv,Q-Tip,0.886,243427.0,0.827,5CHE7mYgYscl6XsveE2rRv,0.0107,7.0,0.0622,-4.465,1.0,0.181,98.766,4.0,Breathe And Stop,https://api.spotify.com/v1/tracks/5CHE7mYgYscl6XsveE2rRv,audio_features,spotify:track:5CHE7mYgYscl6XsveE2rRv,0.769
0.00257,https://api.spotify.com/v1/audio-analysis/7IpX6fsqL86yk3WJlSltAm,"Rimes, LeAnn",0.683,529600.0,0.951,7IpX6fsqL86yk3WJlSltAm,0.347,11.0,0.072,-3.668,0.0,0.0506,132.016,4.0,Can't Fight The Moonlight,https://api.spotify.com/v1/tracks/7IpX6fsqL86yk3WJlSltAm,audio_features,spotify:track:7IpX6fsqL86yk3WJlSltAm,0.688
0.13,https://api.spotify.com/v1/audio-analysis/3xEX2aQikqsfFHO62YTGFR,Lil Wayne,0.494,271467.0,0.713,3xEX2aQikqsfFHO62YTGFR,0.0,9.0,0.936,-7.904,0.0,0.3,82.529,4.0,Tha Block Is Hot,https://api.spotify.com/v1/tracks/3xEX2aQikqsfFHO62YTGFR,audio_features,spotify:track:3xEX2aQikqsfFHO62YTGFR,0.33
0.186,https://api.spotify.com/v1/audio-analysis/3ceAaa8IDMI5YDiackOKXO,2 Pac,0.873,263307.0,0.749,3ceAaa8IDMI5YDiackOKXO,2.01e-06,8.0,0.11,-4.269,1.0,0.226,93.986,4.0,Baby Don't Cry (Keep Ya Head Up II),https://api.spotify.com/v1/tracks/3ceAaa8IDMI5YDiackOKXO,audio_features,spotify:track:3ceAaa8IDMI5YDiackOKXO,0.85
0.000289,https://api.spotify.com/v1/audio-analysis/3P94c9FKHvcbPhKIOxhf1N,"Wallflowers, The",0.505,212267.0,0.856,3P94c9FKHvcbPhKIOxhf1N,0.0,4.0,0.135,-6.865,0.0,0.0288,128.783,4.0,Sleepwalker,https://api.spotify.com/v1/tracks/3P94c9FKHvcbPhKIOxhf1N,audio_features,spotify:track:3P94c9FKHvcbPhKIOxhf1N,0.728
0.0102,https://api.spotify.com/v1/audio-analysis/2u3P0M4EyzaekYb5rFmRcm,Drama,0.912,220667.0,0.512,2u3P0M4EyzaekYb5rFmRcm,0.0,8.0,0.116,-11.065,0.0,0.188,125.032,4.0,"Left, Right, Left",https://api.spotify.com/v1/tracks/2u3P0M4EyzaekYb5rFmRcm,audio_features,spotify:track:2u3P0M4EyzaekYb5rFmRcm,0.58
0.0443,https://api.spotify.com/v1/audio-analysis/1qPPC9R45En88c0nu6QQJz,Limp Bizkit,0.73,236200.0,0.874,1qPPC9R45En88c0nu6QQJz,0.0,6.0,0.0905,-4.434,0.0,0.304,102.026,4.0,N 2 Gether Now,https://api.spotify.com/v1/tracks/1qPPC9R45En88c0nu6QQJz,audio_features,spotify:track:1qPPC9R45En88c0nu6QQJz,0.75
,,Lox,,,,,,,,,,,,,"Ryde or Die, Chick",,,,
0.00123,https://api.spotify.com/v1/audio-analysis/3kcnAw9frHAfn1S37D6pm7,Ying Yang Twins,0.935,248373.0,0.581,3kcnAw9frHAfn1S37D6pm7,0.0,2.0,0.284,-7.434,1.0,0.104,102.001,4.0,Whistle While You Twurk,https://api.spotify.com/v1/tracks/3kcnAw9frHAfn1S37D6pm7,audio_features,spotify:track:3kcnAw9frHAfn1S37D6pm7,0.0746
0.192,https://api.spotify.com/v1/audio-analysis/38005Fy7i7PH7KqUA6qevH,"Walker, Clay",0.63,246267.0,0.745,38005Fy7i7PH7KqUA6qevH,0.0,2.0,0.0329,-10.698,1.0,0.0445,99.034,4.0,"Live, Laugh, Love",https://api.spotify.com/v1/tracks/38005Fy7i7PH7KqUA6qevH,audio_features,spotify:track:38005Fy7i7PH7KqUA6qevH,0.938
0.000558,https://api.spotify.com/v1/audio-analysis/0n4AllHzf3ma4ki20Y9h00,Metallica,0.246,343200.0,0.952,0n4AllHzf3ma4ki20Y9h00,0.00193,3.0,0.959,-5.045,0.0,0.114,151.374,4.0,No Leaf Clover (Live),https://api.spotify.com/v1/tracks/0n4AllHzf3ma4ki20Y9h00,audio_features,spotify:track:0n4AllHzf3ma4ki20Y9h00,0.351
0.54,https://api.spotify.com/v1/audio-analysis/52MpgETOZTO75eWgO0ilSC,Yankee Grey,0.671,190000.0,0.715,52MpgETOZTO75eWgO0ilSC,0.0,7.0,0.0305,-6.0,1.0,0.0376,137.828,4.0,Another Nine Minutes,https://api.spotify.com/v1/tracks/52MpgETOZTO75eWgO0ilSC,audio_features,spotify:track:52MpgETOZTO75eWgO0ilSC,0.793
0.125,https://api.spotify.com/v1/audio-analysis/3msdnqt8SVb9kthl8IMa2G,"Bega, Lou",0.858,203133.0,0.947,3msdnqt8SVb9kthl8IMa2G,0.0,0.0,0.0367,-3.557,1.0,0.235,151.037,4.0,Tricky Tricky ,https://api.spotify.com/v1/tracks/3msdnqt8SVb9kthl8IMa2G,audio_features,spotify:track:3msdnqt8SVb9kthl8IMa2G,0.967
0.0771,https://api.spotify.com/v1/audio-analysis/5Fqk9TyFwQAg2fzNnfAEbO,Big Punisher,0.882,172800.0,0.697,5Fqk9TyFwQAg2fzNnfAEbO,0.0,10.0,0.0429,-4.847,0.0,0.304,93.005,4.0,It's So Hard,https://api.spotify.com/v1/tracks/5Fqk9TyFwQAg2fzNnfAEbO,audio_features,spotify:track:5Fqk9TyFwQAg2fzNnfAEbO,0.569
0.0652,https://api.spotify.com/v1/audio-analysis/2MCzWzsfRDDmcQK79eWTtU,"Worley, Darryl",0.569,219373.0,0.69,2MCzWzsfRDDmcQK79eWTtU,1.36e-06,4.0,0.308,-5.028,1.0,0.0228,85.966,4.0,When You Need My Love,https://api.spotify.com/v1/tracks/2MCzWzsfRDDmcQK79eWTtU,audio_features,spotify:track:2MCzWzsfRDDmcQK79eWTtU,0.485
0.0502,https://api.spotify.com/v1/audio-analysis/0qj2GIzOkMInQnHwEqa5Vp,Lil' Kim,0.777,232800.0,0.846,0qj2GIzOkMInQnHwEqa5Vp,0.0,10.0,0.309,-3.11,0.0,0.194,105.45,4.0,How Many Licks?,https://api.spotify.com/v1/tracks/0qj2GIzOkMInQnHwEqa5Vp,audio_features,spotify:track:0qj2GIzOkMInQnHwEqa5Vp,0.645
0.107,https://api.spotify.com/v1/audio-analysis/5UAsEiBIErBpKPSAoRvWOi,"Clark, Terri",0.606,189307.0,0.619,5UAsEiBIErBpKPSAoRvWOi,0.0,2.0,0.104,-5.306,1.0,0.0303,76.705,4.0,A Little Gasoline,https://api.spotify.com/v1/tracks/5UAsEiBIErBpKPSAoRvWOi,audio_features,spotify:track:5UAsEiBIErBpKPSAoRvWOi,0.727
0.166,https://api.spotify.com/v1/audio-analysis/5pinOKTQyPCPpgjIOKVFY3,"Brock, Chad",0.669,237667.0,0.592,5pinOKTQyPCPpgjIOKVFY3,0.0,7.0,0.114,-4.628,1.0,0.0317,75.938,4.0,A Country Boy Can Survive,https://api.spotify.com/v1/tracks/5pinOKTQyPCPpgjIOKVFY3,audio_features,spotify:track:5pinOKTQyPCPpgjIOKVFY3,0.5
0.291,https://api.spotify.com/v1/audio-analysis/76gLq1wvQSFxR0tP4rgVKS,"Cagle, Chris",0.582,185333.0,0.923,76gLq1wvQSFxR0tP4rgVKS,0.0,6.0,0.0621,-6.782,1.0,0.0555,161.934,4.0,My Love Goes On And On,https://api.spotify.com/v1/tracks/76gLq1wvQSFxR0tP4rgVKS,audio_features,spotify:track:76gLq1wvQSFxR0tP4rgVKS,0.948
0.119,https://api.spotify.com/v1/audio-analysis/1Q1U8qlGcN5SJz1GALtQAA,"Byrd, Tracy",0.583,272533.0,0.503,1Q1U8qlGcN5SJz1GALtQAA,1.46e-06,3.0,0.375,-7.544,1.0,0.0274,145.719,4.0,Put Your Hand In Mine,https://api.spotify.com/v1/tracks/1Q1U8qlGcN5SJz1GALtQAA,audio_features,spotify:track:1Q1U8qlGcN5SJz1GALtQAA,0.261
0.000206,https://api.spotify.com/v1/audio-analysis/51Vic2Yi71YKNtLbyJKgQt,Metallica,0.534,266240.0,0.929,51Vic2Yi71YKNtLbyJKgQt,5.58e-05,1.0,0.036,-3.609,1.0,0.047,122.733,4.0,I Disappear,https://api.spotify.com/v1/tracks/51Vic2Yi71YKNtLbyJKgQt,audio_features,spotify:track:51Vic2Yi71YKNtLbyJKgQt,0.438
0.0483,https://api.spotify.com/v1/audio-analysis/5RpSXFipAX2W6zo4HnHScn,Jay-Z,0.777,268693.0,0.876,5RpSXFipAX2W6zo4HnHScn,0.000774,1.0,0.126,-5.362,0.0,0.339,158.041,4.0,Hey Papi,https://api.spotify.com/v1/tracks/5RpSXFipAX2W6zo4HnHScn,audio_features,spotify:track:5RpSXFipAX2W6zo4HnHScn,0.877
0.0111,https://api.spotify.com/v1/audio-analysis/1E5jmtnXJYZies2yo47IoI,Fatboy Slim,0.666,413880.0,0.992,1E5jmtnXJYZies2yo47IoI,0.00437,7.0,0.22,-6.701,1.0,0.251,152.59,4.0,The Rockafeller Skank,https://api.spotify.com/v1/tracks/1E5jmtnXJYZies2yo47IoI,audio_features,spotify:track:1E5jmtnXJYZies2yo47IoI,0.0803
0.354,https://api.spotify.com/v1/audio-analysis/0ayO9HLU8fRymoiFMVHqy3,"Levert, Gerald",0.804,271560.0,0.322,0ayO9HLU8fRymoiFMVHqy3,0.0,1.0,0.151,-10.001,1.0,0.0344,115.17,4.0,Mr. Too Damn Good,https://api.spotify.com/v1/tracks/0ayO9HLU8fRymoiFMVHqy3,audio_features,spotify:track:0ayO9HLU8fRymoiFMVHqy3,0.316
0.0241,https://api.spotify.com/v1/audio-analysis/6OCkJHVoGoWOMymzjzdOHX,"McKnight, Brian",0.636,279847.0,0.572,6OCkJHVoGoWOMymzjzdOHX,0.000441,5.0,0.107,-6.785,0.0,0.0417,80.015,4.0,Stay Or Let It Go,https://api.spotify.com/v1/tracks/6OCkJHVoGoWOMymzjzdOHX,audio_features,spotify:track:6OCkJHVoGoWOMymzjzdOHX,0.45
0.696,https://api.spotify.com/v1/audio-analysis/2ARJ3JPLUHXqinhDmjFFK1,"Allan, Gary",0.398,191507.0,0.483,2ARJ3JPLUHXqinhDmjFFK1,0.0108,4.0,0.133,-8.108,1.0,0.0283,68.955,4.0,Smoke Rings In The Dark,https://api.spotify.com/v1/tracks/2ARJ3JPLUHXqinhDmjFFK1,audio_features,spotify:track:2ARJ3JPLUHXqinhDmjFFK1,0.259
0.539,https://api.spotify.com/v1/audio-analysis/04sQ0IzVbfeQZlbaPmXbQS,Ginuwine,0.661,389573.0,0.535,04sQ0IzVbfeQZlbaPmXbQS,0.0,0.0,0.0944,-7.73,1.0,0.0685,111.873,4.0,The Best Man I Can Be,https://api.spotify.com/v1/tracks/04sQ0IzVbfeQZlbaPmXbQS,audio_features,spotify:track:04sQ0IzVbfeQZlbaPmXbQS,0.301
,,Before Dark,,,,,,,,,,,,,Monica,,,,
0.0112,https://api.spotify.com/v1/audio-analysis/2kQvVcKl24km1nKydrEF0V,"Estefan, Gloria",0.672,269067.0,0.923,2kQvVcKl24km1nKydrEF0V,0.026,1.0,0.335,-8.76,1.0,0.065,131.842,4.0,No Me Dejes De Querer,https://api.spotify.com/v1/tracks/2kQvVcKl24km1nKydrEF0V,audio_features,spotify:track:2kQvVcKl24km1nKydrEF0V,0.747
0.0769,https://api.spotify.com/v1/audio-analysis/4LwargHoZJdO39HuOHXy6v,Stone Temple Pilots,0.394,256253.0,0.663,4LwargHoZJdO39HuOHXy6v,0.00644,0.0,0.239,-6.619,1.0,0.0295,207.575,4.0,Sour Girl,https://api.spotify.com/v1/tracks/4LwargHoZJdO39HuOHXy6v,audio_features,spotify:track:4LwargHoZJdO39HuOHXy6v,0.726
0.011,https://api.spotify.com/v1/audio-analysis/2Wt173KM9i97KSB52qCuqj,Montgomery Gentry,0.708,258640.0,0.728,2Wt173KM9i97KSB52qCuqj,2.26e-05,7.0,0.0556,-7.039,1.0,0.0298,119.881,4.0,Daddy Won't Sell The Farm,https://api.spotify.com/v1/tracks/2Wt173KM9i97KSB52qCuqj,audio_features,spotify:track:2Wt173KM9i97KSB52qCuqj,0.703
0.307,https://api.spotify.com/v1/audio-analysis/1uVRIEqMTtnbcxZocYDJRH,"Cyrus, Billy Ray",0.369,232507.0,0.528,1uVRIEqMTtnbcxZocYDJRH,0.0,1.0,0.229,-6.648,1.0,0.0285,153.898,3.0,You Won't Be Lonely Now,https://api.spotify.com/v1/tracks/1uVRIEqMTtnbcxZocYDJRH,audio_features,spotify:track:1uVRIEqMTtnbcxZocYDJRH,0.333
0.0649,https://api.spotify.com/v1/audio-analysis/2NpEN6jlCVuUBAJoptmaSF,Clark Family Experience,0.585,179467.0,0.84,2NpEN6jlCVuUBAJoptmaSF,0.0,7.0,0.367,-6.109,1.0,0.0324,94.944,4.0,Meanwhile Back At The Ranch,https://api.spotify.com/v1/tracks/2NpEN6jlCVuUBAJoptmaSF,audio_features,spotify:track:2NpEN6jlCVuUBAJoptmaSF,0.54
0.0972,https://api.spotify.com/v1/audio-analysis/0NBHHa8wwwmBnn3aAzX5wJ,"Thomas, Carl",0.667,232560.0,0.627,0NBHHa8wwwmBnn3aAzX5wJ,5.19e-05,6.0,0.111,-10.488,0.0,0.0654,186.081,4.0,Summer Rain,https://api.spotify.com/v1/tracks/0NBHHa8wwwmBnn3aAzX5wJ,audio_features,spotify:track:0NBHHa8wwwmBnn3aAzX5wJ,0.792
0.6,https://api.spotify.com/v1/audio-analysis/46AfWrTGC8IZkW4IXhB1vn,"Yearwood, Trisha",0.325,267600.0,0.374,46AfWrTGC8IZkW4IXhB1vn,5.55e-05,5.0,0.124,-9.698,1.0,0.0294,122.076,4.0,Real Live Woman,https://api.spotify.com/v1/tracks/46AfWrTGC8IZkW4IXhB1vn,audio_features,spotify:track:46AfWrTGC8IZkW4IXhB1vn,0.0757
,,Trick Daddy,,,,,,,,,,,,,Shut Up,,,,
0.248,https://api.spotify.com/v1/audio-analysis/74ZQQZAVOrd5sENv57jfCj,"Moore, Chante",0.868,220200.0,0.862,74ZQQZAVOrd5sENv57jfCj,0.000202,1.0,0.0478,-3.588,1.0,0.133,99.999,4.0,Straight Up,https://api.spotify.com/v1/tracks/74ZQQZAVOrd5sENv57jfCj,audio_features,spotify:track:74ZQQZAVOrd5sENv57jfCj,0.94
0.0347,https://api.spotify.com/v1/audio-analysis/4PCvbHlzEsyiVdv2VbtGa6,Cam'ron,0.846,240307.0,0.611,4PCvbHlzEsyiVdv2VbtGa6,0.0,5.0,0.111,-7.213,0.0,0.187,143.977,4.0,What Means The World To You,https://api.spotify.com/v1/tracks/4PCvbHlzEsyiVdv2VbtGa6,audio_features,spotify:track:4PCvbHlzEsyiVdv2VbtGa6,0.856
0.0763,https://api.spotify.com/v1/audio-analysis/0rBdGKpJYOMB7hqSrrNuKV,Juvenile,0.719,231707.0,0.834,0rBdGKpJYOMB7hqSrrNuKV,0.0,8.0,0.0292,-3.303,1.0,0.326,199.542,4.0,U Understand,https://api.spotify.com/v1/tracks/0rBdGKpJYOMB7hqSrrNuKV,audio_features,spotify:track:0rBdGKpJYOMB7hqSrrNuKV,0.651
0.0063,https://api.spotify.com/v1/audio-analysis/3Eura9WsL7NSlhNDvRGRXr,"Hollister, Dave",0.32,377400.0,0.411,3Eura9WsL7NSlhNDvRGRXr,0.0,11.0,0.15,-7.786,1.0,0.0454,82.609,4.0,Can't Stay,https://api.spotify.com/v1/tracks/3Eura9WsL7NSlhNDvRGRXr,audio_features,spotify:track:3Eura9WsL7NSlhNDvRGRXr,0.0397
0.279,https://api.spotify.com/v1/audio-analysis/1YCcbwKbdiZK9yZVCljz0u,Tamia,0.823,224305.0,0.656,1YCcbwKbdiZK9yZVCljz0u,7.6e-06,6.0,0.0915,-7.78,0.0,0.274,106.061,4.0,Can't Go For That,https://api.spotify.com/v1/tracks/1YCcbwKbdiZK9yZVCljz0u,audio_features,spotify:track:1YCcbwKbdiZK9yZVCljz0u,0.618
0.0961,https://api.spotify.com/v1/audio-analysis/4KJKJUetg7Gs3e0MAoSIzX,LFO,0.691,208160.0,0.792,4KJKJUetg7Gs3e0MAoSIzX,0.0,9.0,0.392,-3.884,1.0,0.0509,100.057,4.0,West Side Story,https://api.spotify.com/v1/tracks/4KJKJUetg7Gs3e0MAoSIzX,audio_features,spotify:track:4KJKJUetg7Gs3e0MAoSIzX,0.302
0.0271,https://api.spotify.com/v1/audio-analysis/6A426nfNHDuTDs1uY0W0NF,"Paisley, Brad",0.622,200160.0,0.942,6A426nfNHDuTDs1uY0W0NF,2.36e-05,0.0,0.326,-9.469,1.0,0.0385,117.173,4.0,Me Neither,https://api.spotify.com/v1/tracks/6A426nfNHDuTDs1uY0W0NF,audio_features,spotify:track:6A426nfNHDuTDs1uY0W0NF,0.835
,,"Carter, Torrey",,,,,,,,,,,,,Take That,,,,
0.00723,https://api.spotify.com/v1/audio-analysis/0mhT5QTFs6LifTb3NL0fAb,2Gether,0.601,224107.0,0.893,0mhT5QTFs6LifTb3NL0fAb,3.02e-06,9.0,0.0449,-3.845,0.0,0.0389,108.008,4.0,The Hardest Part Of Breaking Up (Is Getting Back Your Stuff),https://api.spotify.com/v1/tracks/0mhT5QTFs6LifTb3NL0fAb,audio_features,spotify:track:0mhT5QTFs6LifTb3NL0fAb,0.677
0.00377,https://api.spotify.com/v1/audio-analysis/2FZ7sl5dvtrZrvMNRRsucj,Madison Avenue,0.882,295680.0,0.646,2FZ7sl5dvtrZrvMNRRsucj,0.00662,11.0,0.0482,-4.659,1.0,0.0661,125.015,4.0,Don't Call Me Baby,https://api.spotify.com/v1/tracks/2FZ7sl5dvtrZrvMNRRsucj,audio_features,spotify:track:2FZ7sl5dvtrZrvMNRRsucj,0.659
,,Eve,,,,,,,,,,,,,Got It All,,,,
0.00843,https://api.spotify.com/v1/audio-analysis/0wrpbBJYsRP8g2ZXMrh8Zy,Limp Bizkit,0.451,301267.0,0.789,0wrpbBJYsRP8g2ZXMrh8Zy,0.666,6.0,0.992,-7.136,1.0,0.0358,106.77,4.0,Re-Arranged,https://api.spotify.com/v1/tracks/0wrpbBJYsRP8g2ZXMrh8Zy,audio_features,spotify:track:0wrpbBJYsRP8g2ZXMrh8Zy,0.294
0.307,https://api.spotify.com/v1/audio-analysis/6zAmV2YJovLGTBO2bk5HGG,"Spencer, Tracie",0.674,257184.0,0.529,6zAmV2YJovLGTBO2bk5HGG,2.23e-06,0.0,0.0725,-6.188,1.0,0.025,89.912,4.0,Still In My Heart,https://api.spotify.com/v1/tracks/6zAmV2YJovLGTBO2bk5HGG,audio_features,spotify:track:6zAmV2YJovLGTBO2bk5HGG,0.606
0.504,https://api.spotify.com/v1/audio-analysis/4alLyN9my0O1SD9y097cPl,Nu Flavor,0.709,256307.0,0.469,4alLyN9my0O1SD9y097cPl,0.0,11.0,0.045,-7.083,0.0,0.0278,113.986,4.0,3 Little Words,https://api.spotify.com/v1/tracks/4alLyN9my0O1SD9y097cPl,audio_features,spotify:track:4alLyN9my0O1SD9y097cPl,0.264
,,Tamar,,,,,,,,,,,,,If You Don't Wanna Love Me,,,,
0.0196,https://api.spotify.com/v1/audio-analysis/5SiXXA2rc8X0DIKFx4N5yM,"Levert, Gerald",0.657,317067.0,0.537,5SiXXA2rc8X0DIKFx4N5yM,5.55e-06,6.0,0.102,-7.825,0.0,0.199,172.212,4.0,Baby U Are,https://api.spotify.com/v1/tracks/5SiXXA2rc8X0DIKFx4N5yM,audio_features,spotify:track:5SiXXA2rc8X0DIKFx4N5yM,0.656
0.141,https://api.spotify.com/v1/audio-analysis/3XqjuWYTh1mIlbJ05Jqyux,"Hart, Beth",0.628,249773.0,0.57,3XqjuWYTh1mIlbJ05Jqyux,8.14e-05,7.0,0.071,-8.188,1.0,0.0303,129.984,4.0,L.A. Song,https://api.spotify.com/v1/tracks/3XqjuWYTh1mIlbJ05Jqyux,audio_features,spotify:track:3XqjuWYTh1mIlbJ05Jqyux,0.158
0.03,https://api.spotify.com/v1/audio-analysis/4u6U5nwYHok67BBymI9ldh,"Diffie, Joe",0.595,207467.0,0.904,4u6U5nwYHok67BBymI9ldh,4.43e-05,7.0,0.397,-4.803,1.0,0.0355,102.002,4.0,The Quittin' Kind,https://api.spotify.com/v1/tracks/4u6U5nwYHok67BBymI9ldh,audio_features,spotify:track:4u6U5nwYHok67BBymI9ldh,0.581
,,Funkmaster Flex,,,,,,,,,,,,,Do You,,,,
0.334,https://api.spotify.com/v1/audio-analysis/2mACzgIlPBYdzAucENb7vX,"Price, Kelly",0.48,249360.0,0.889,2mACzgIlPBYdzAucENb7vX,0.0,5.0,0.392,-4.542,0.0,0.23,189.163,4.0,Love Sets You Free,https://api.spotify.com/v1/tracks/2mACzgIlPBYdzAucENb7vX,audio_features,spotify:track:2mACzgIlPBYdzAucENb7vX,0.888
0.139,https://api.spotify.com/v1/audio-analysis/5AYyDRotbApDiucOpJnFGr,En Vogue,0.805,309813.0,0.54,5AYyDRotbApDiucOpJnFGr,1.68e-05,10.0,0.0753,-5.047,0.0,0.0406,95.999,4.0,Riddle,https://api.spotify.com/v1/tracks/5AYyDRotbApDiucOpJnFGr,audio_features,spotify:track:5AYyDRotbApDiucOpJnFGr,0.705
,,"Herndon, Ty",,,,,,,,,,,,,No Mercy,,,,
0.277,https://api.spotify.com/v1/audio-analysis/2KqmPZSSIElcSYbgxRC8Hh,Anastacia,0.681,240533.0,0.899,2KqmPZSSIElcSYbgxRC8Hh,2.32e-06,10.0,0.133,-6.357,0.0,0.0756,128.969,4.0,I'm Outta Love,https://api.spotify.com/v1/tracks/2KqmPZSSIElcSYbgxRC8Hh,audio_features,spotify:track:2KqmPZSSIElcSYbgxRC8Hh,0.681
0.00563,https://api.spotify.com/v1/audio-analysis/1Bv9EAXijk1B89XCyDrNtr,Trina,0.965,186733.0,0.779,1Bv9EAXijk1B89XCyDrNtr,0.0,1.0,0.158,-5.543,0.0,0.0676,124.985,4.0,Pull Over,https://api.spotify.com/v1/tracks/1Bv9EAXijk1B89XCyDrNtr,audio_features,spotify:track:1Bv9EAXijk1B89XCyDrNtr,0.802
,,Lil' Mo,,,,,,,,,,,,,Ta Da,,,,
,,A*Teens,,,,,,,,,,,,,Dancing Queen,,,,
0.054,https://api.spotify.com/v1/audio-analysis/5xvUo8heaNc6MNBi0HRAMt,"Sheist, Shade",0.832,260087.0,0.554,5xvUo8heaNc6MNBi0HRAMt,0.0245,8.0,0.0791,-6.917,1.0,0.0586,96.906,4.0,Where I Wanna Be,https://api.spotify.com/v1/tracks/5xvUo8heaNc6MNBi0HRAMt,audio_features,spotify:track:5xvUo8heaNc6MNBi0HRAMt,0.404
,,De La Soul,,,,,,,,,,,,,All Good?,,,,
,,"Larrieux, Amel",,,,,,,,,,,,,Get Up,,,,
0.44,https://api.spotify.com/v1/audio-analysis/1ieouFxB2A3JjKEt1OoEiB,"Braxton, Toni",0.624,289000.0,0.562,1ieouFxB2A3JjKEt1OoEiB,5.19e-06,9.0,0.175,-6.504,0.0,0.0387,120.043,4.0,Spanish Guitar,https://api.spotify.com/v1/tracks/1ieouFxB2A3JjKEt1OoEiB,audio_features,spotify:track:1ieouFxB2A3JjKEt1OoEiB,0.374
,,Tuesday,,,,,,,,,,,,,I Know,,,,
0.361,https://api.spotify.com/v1/audio-analysis/6aTQyrOZBgqmazx665oAHi,LL Cool J,0.891,239760.0,0.799,6aTQyrOZBgqmazx665oAHi,0.000171,11.0,0.214,-6.875,1.0,0.192,98.05,4.0,Imagine That,https://api.spotify.com/v1/tracks/6aTQyrOZBgqmazx665oAHi,audio_features,spotify:track:6aTQyrOZBgqmazx665oAHi,0.903
0.0705,https://api.spotify.com/v1/audio-analysis/3K5URQxpqxx9Kj2xWeqIFK,Master P,0.923,212493.0,0.776,3K5URQxpqxx9Kj2xWeqIFK,0.0,11.0,0.222,-5.531,0.0,0.261,99.871,4.0,Souljas,https://api.spotify.com/v1/tracks/3K5URQxpqxx9Kj2xWeqIFK,audio_features,spotify:track:3K5URQxpqxx9Kj2xWeqIFK,0.367
0.0261,https://api.spotify.com/v1/audio-analysis/6Ryk2xGL8fNnG1o6nGvMj2,Ghostface Killah,0.605,185200.0,0.591,6Ryk2xGL8fNnG1o6nGvMj2,2.35e-06,11.0,0.238,-6.395,0.0,0.07,103.483,4.0,Cherchez LaGhost,https://api.spotify.com/v1/tracks/6Ryk2xGL8fNnG1o6nGvMj2,audio_features,spotify:track:6Ryk2xGL8fNnG1o6nGvMj2,0.502
0.188,https://api.spotify.com/v1/audio-analysis/6jdbqLEusznJd7N5XwSCrN,"Smith, Will",0.873,238467.0,0.804,6jdbqLEusznJd7N5XwSCrN,0.0,1.0,0.248,-6.587,1.0,0.194,111.989,4.0,Freakin' It,https://api.spotify.com/v1/tracks/6jdbqLEusznJd7N5XwSCrN,audio_features,spotify:track:6jdbqLEusznJd7N5XwSCrN,0.933
0.00221,https://api.spotify.com/v1/audio-analysis/5aGc3jyRhz2qZZD8UE1fbE,Zombie Nation,0.774,366093.0,0.503,5aGc3jyRhz2qZZD8UE1fbE,0.892,10.0,0.0833,-9.276,0.0,0.107,139.982,4.0,Kernkraft 400,https://api.spotify.com/v1/tracks/5aGc3jyRhz2qZZD8UE1fbE,audio_features,spotify:track:5aGc3jyRhz2qZZD8UE1fbE,0.316
0.175,https://api.spotify.com/v1/audio-analysis/7mrZ8g438yheWOs46iP3Bb,"Eastsidaz, The",0.88,251600.0,0.795,7mrZ8g438yheWOs46iP3Bb,0.0,1.0,0.141,-4.018,1.0,0.204,89.914,4.0,Got Beef,https://api.spotify.com/v1/tracks/7mrZ8g438yheWOs46iP3Bb,audio_features,spotify:track:7mrZ8g438yheWOs46iP3Bb,0.843
,,Fragma,,,,,,,,,,,,,Toca's Miracle,,,,
